alcaldia_hecho,colonia
ALVARO OBREGON,16 De Septiembre
ALVARO OBREGON,19 De Mayo
ALVARO OBREGON,1ra Ampliacion Presidentes
ALVARO OBREGON,1ra Seccion Cañada
ALVARO OBREGON,1ra Victoria
ALVARO OBREGON,2a. Ampliacion Jalalpa El Grande
ALVARO OBREGON,2a Ampliación Jalalpa Tepito
ALVARO OBREGON,2da Ampliacion Presidentes
ALVARO OBREGON,2da Del Moral Del Pueblo Tetelpan
ALVARO OBREGON,2da Seccion Cañada
ALVARO OBREGON,2do Reacomodo Tlacuitlapa
ALVARO OBREGON,2o Reacomodo Corpus Christi
ALVARO OBREGON,2o Reacomodo Tlacuitlapa
ALVARO OBREGON,8 De Agosto
ALVARO OBREGON,Abraham M Gonzalez
ALVARO OBREGON,Acacias
ALVARO OBREGON,Actipan
ALVARO OBREGON,Acueducto
ALVARO OBREGON,Acuilotla
ALVARO OBREGON,Alcantarilla
ALVARO OBREGON,Alfonso Xiii
ALVARO OBREGON,Altavista
ALVARO OBREGON,Alvaro Obregon
ALVARO OBREGON,America
ALVARO OBREGON,Ampliacion Acueducto
ALVARO OBREGON,Ampliacion Alpes
ALVARO OBREGON,Ampliacion El Capulin
ALVARO OBREGON,Ampliacion Estado De Hidalgo
ALVARO OBREGON,Ampliacion Fuentes Del Pedregal
ALVARO OBREGON,Ampliacion Jalalpa
ALVARO OBREGON,Ampliación Jalalpa
ALVARO OBREGON,Ampliacion La Cebada
ALVARO OBREGON,Ampliación La Cebada
ALVARO OBREGON,Ampliacion La Mexicana
ALVARO OBREGON,Ampliacion Las Aguilas
ALVARO OBREGON,Ampliacion Lomas De San Bernabe
ALVARO OBREGON,Ampliacion Los Pirules
ALVARO OBREGON,Ampliacion Piloto Adolfo Lopez Mateos
ALVARO OBREGON,Ampliacion Tepeaca
ALVARO OBREGON,Ampliacion Tlacuitlapa
ALVARO OBREGON,Ampliacion Tlacuitlapa Ii
ALVARO OBREGON,Arcos Centenario
ALVARO OBREGON,Arturo Martinez
ALVARO OBREGON,Arvide
ALVARO OBREGON,Atlamaya
ALVARO OBREGON,Ave Real
ALVARO OBREGON,Balcones De Cehuayo
ALVARO OBREGON,Barrio Alfalfar
ALVARO OBREGON,Barrio La Otra Banda
ALVARO OBREGON,Barrio Loreto
ALVARO OBREGON,Barrio Norte
ALVARO OBREGON,Barrio Oxtopulco Universidad
ALVARO OBREGON,Barrio Santa Catarina
ALVARO OBREGON,Barrio Santa Maria Nonoalco
ALVARO OBREGON,Bejero Del Pueblo Santa Fe
ALVARO OBREGON,Belem De Las Flores
ALVARO OBREGON,Bellavista
ALVARO OBREGON,Bonanza
ALVARO OBREGON,Bosque
ALVARO OBREGON,Calzada Jalalpa
ALVARO OBREGON,Campestre
ALVARO OBREGON,Campestre Palo Alto
ALVARO OBREGON,Campo De Tiro Los Gamitos
ALVARO OBREGON,Canutillo
ALVARO OBREGON,Canutillo 2da Seccion
ALVARO OBREGON,Canutillo 3ra Seccion
ALVARO OBREGON,Carlos A Madrazo
ALVARO OBREGON,Carola
ALVARO OBREGON,Cehuaya
ALVARO OBREGON,Chimalistac
ALVARO OBREGON,Ciudad Universitaria
ALVARO OBREGON,Colina Del Sur
ALVARO OBREGON,Colinas De Tarango
ALVARO OBREGON,Cooperativa Union Olivos
ALVARO OBREGON,Copilco El Bajo
ALVARO OBREGON,Corpus Christy
ALVARO OBREGON,Cove
ALVARO OBREGON,Credito Constructor
ALVARO OBREGON,Cristo Rey
ALVARO OBREGON,Cuevitas
ALVARO OBREGON,Daniel Garza
ALVARO OBREGON,Del Carmen
ALVARO OBREGON,Desarrollo Urbano
ALVARO OBREGON,Desarrollo Urbano El Piru
ALVARO OBREGON,Dos Rios Del Pueblo De Santa Lucia
ALVARO OBREGON,Ejido San Mateo
ALVARO OBREGON,El Arbol
ALVARO OBREGON,El Arbol Ampliacion
ALVARO OBREGON,El Bosque 2a Secc
ALVARO OBREGON,El Capulin
ALVARO OBREGON,El Cuernito
ALVARO OBREGON,El Encino Del Pueblo Tetelpan
ALVARO OBREGON,El Maestro
ALVARO OBREGON,El Mirador Del Pueblo Tetelpan
ALVARO OBREGON,El Piru 2da Ampliacion
ALVARO OBREGON,El Pirul
ALVARO OBREGON,El Piru Santa Fe
ALVARO OBREGON,El Pocito
ALVARO OBREGON,El Politoco
ALVARO OBREGON,El Rincon
ALVARO OBREGON,El Rodeo
ALVARO OBREGON,El Ruedo
ALVARO OBREGON,El Tanque
ALVARO OBREGON,El Tejocote
ALVARO OBREGON,Ermita Tizapan
ALVARO OBREGON,Estado De Hidalgo
ALVARO OBREGON,Ex-Hacienda De Guadalupe Chimalistac
ALVARO OBREGON,Ex Hacienda De Tarango
ALVARO OBREGON,Flor De Maria
ALVARO OBREGON,Florida
ALVARO OBREGON,Francisco Villa
ALVARO OBREGON,Galeana
ALVARO OBREGON,Gamitos
ALVARO OBREGON,Garcimarrero
ALVARO OBREGON,Golondrinas
ALVARO OBREGON,Golondrinas 1ra Seccion
ALVARO OBREGON,Golondrinas 2da Seccion
ALVARO OBREGON,Guadalupe Inn
ALVARO OBREGON,Heroes De Padierna
ALVARO OBREGON,Heron Proal
ALVARO OBREGON,Hidalgo
ALVARO OBREGON,Hogar Y Redencion
ALVARO OBREGON,Hueytlale
ALVARO OBREGON,Isidro Fabela
ALVARO OBREGON,Jalalpa
ALVARO OBREGON,Jalalpa El Grande
ALVARO OBREGON,Jalalpa El Grande 1er. Reacomodo
ALVARO OBREGON,Jalalpa Tepito
ALVARO OBREGON,Jalalpa Tepito 2da Ampliacion
ALVARO OBREGON,Jardines Del Pedregal
ALVARO OBREGON,Jardines Del Pedregal De San Angel
ALVARO OBREGON,Jose Maria Pino Suarez
ALVARO OBREGON,La Angostura
ALVARO OBREGON,La Araña
ALVARO OBREGON,La Cascada
ALVARO OBREGON,La Conchita
ALVARO OBREGON,Ladera
ALVARO OBREGON,La Estrella
ALVARO OBREGON,La Herradura Del Pueblo Tetelpan
ALVARO OBREGON,La Huerta
ALVARO OBREGON,La Joya
ALVARO OBREGON,La Joyita Del Pueblo Tetelpan
ALVARO OBREGON,La Loma
ALVARO OBREGON,La Martinica
ALVARO OBREGON,La Mexicana
ALVARO OBREGON,La Mexicana 2da Ampliacion
ALVARO OBREGON,La Milagrosa
ALVARO OBREGON,La Otra Banda
ALVARO OBREGON,La Palmita
ALVARO OBREGON,La Peñita Del Pueblo Tetelpan
ALVARO OBREGON,La Presa
ALVARO OBREGON,Las Aguilas
ALVARO OBREGON,Las Aguilas 1ra Seccion
ALVARO OBREGON,Las Aguilas 2do Parque
ALVARO OBREGON,Las Aguilas 3er Parque
ALVARO OBREGON,Las Americas
ALVARO OBREGON,Las Cruces
ALVARO OBREGON,Liberacion Proletaria
ALVARO OBREGON,Liberales De 1857
ALVARO OBREGON,Llano Redondo
ALVARO OBREGON,Lomas Altas
ALVARO OBREGON,Lomas Axomiatla
ALVARO OBREGON,Lomas De Becerra
ALVARO OBREGON,Lomas De Bezares
ALVARO OBREGON,Lomas De Capula
ALVARO OBREGON,Lomas De Chamontoya
ALVARO OBREGON,Lomas De Guadalupe
ALVARO OBREGON,Lomas De La Era
ALVARO OBREGON,Lomas De Las Aguilas
ALVARO OBREGON,Lomas Del Capulin
ALVARO OBREGON,Lomas De Los Angeles Pueblo Tetelpan
ALVARO OBREGON,Lomas De Los Cedros
ALVARO OBREGON,Lomas De Nuevo Mexico
ALVARO OBREGON,Lomas De Plateros
ALVARO OBREGON,Lomas De Puerta Grande
ALVARO OBREGON,Lomas De San Angel Inn
ALVARO OBREGON,Lomas De San Bernabe
ALVARO OBREGON,Lomas De Santa Fe
ALVARO OBREGON,Lomas De Tarango
ALVARO OBREGON,Lomas De Vista Hermosa
ALVARO OBREGON,Los Alpes
ALVARO OBREGON,Los Cedros
ALVARO OBREGON,Los Gamitos
ALVARO OBREGON,Los Juristas
ALVARO OBREGON,Margarita Maza De Juarez
ALVARO OBREGON,Maria G De Garcia Ruiz
ALVARO OBREGON,Martires De Tacubaya
ALVARO OBREGON,Merced Gomez
ALVARO OBREGON,Miguel Gaona Armenta
ALVARO OBREGON,Miguel Hidalgo
ALVARO OBREGON,Minas Cristo Rey
ALVARO OBREGON,Mixcoac
ALVARO OBREGON,Molino De Rosas
ALVARO OBREGON,Molino De Santo Domingo
ALVARO OBREGON,Observatorio
ALVARO OBREGON,Ocotillos Del Pueblo Tetelpan
ALVARO OBREGON,Olivar Del Conde 1ra Seccion
ALVARO OBREGON,Olivar Del Conde 2da Seccion
ALVARO OBREGON,Olivar De Los Padres
ALVARO OBREGON,Palmas
ALVARO OBREGON,Palmas Axotitla
ALVARO OBREGON,Panteon Civil De Dolores
ALVARO OBREGON,Paraiso
ALVARO OBREGON,Paraje Del Caballito
ALVARO OBREGON,Paseo De Las Lomas
ALVARO OBREGON,Piloto Adolfo Lopez Mateos
ALVARO OBREGON,Piru Santa Lucia
ALVARO OBREGON,Polvora
ALVARO OBREGON,Ponciano Arriaga
ALVARO OBREGON,Preconcreto
ALVARO OBREGON,Presidentes
ALVARO OBREGON,Profesor J Arturo Lopez Martinez
ALVARO OBREGON,Progreso Tizapan
ALVARO OBREGON,Pueblo Axotla
ALVARO OBREGON,Pueblo Nuevo
ALVARO OBREGON,Pueblo San Bartolo Ameyalco
ALVARO OBREGON,Pueblo San Bernabe Ocotepec
ALVARO OBREGON,Pueblo San Mateo Tlaltenango
ALVARO OBREGON,Pueblo Santa Fe
ALVARO OBREGON,Pueblo Santa Lucia
ALVARO OBREGON,Pueblo Santa Lucia Chantepec
ALVARO OBREGON,Pueblo Santa Rosa Xochiac
ALVARO OBREGON,Pueblo Tetelpan
ALVARO OBREGON,Pueblo Tizapan
ALVARO OBREGON,Pueblo Tlacopac
ALVARO OBREGON,Puente Colorado
ALVARO OBREGON,Puerta Grande
ALVARO OBREGON,Punta De Ceguaya
ALVARO OBREGON,Rancho Del Carmen Del Pueblo San Bartolo Ameyalco
ALVARO OBREGON,Rancho San Francisco Del Pblo San Bartolo Ameyalco
ALVARO OBREGON,Reacomodo El Cuernito
ALVARO OBREGON,Reacomodo Pino Suarez
ALVARO OBREGON,Reacomodo Valentin Gomez Farias
ALVARO OBREGON,Real Del Monte
ALVARO OBREGON,Reserva Ecologica Torres De Potrero
ALVARO OBREGON,Rinconada De Tarango
ALVARO OBREGON,Rinconada Las Cuevitas
ALVARO OBREGON,Rincon De La Bolsa
ALVARO OBREGON,Rincon Del Pedregal
ALVARO OBREGON,Sacramento
ALVARO OBREGON,San Agustin Del Pueblo Tetelpan
ALVARO OBREGON,San Angel
ALVARO OBREGON,San Angel Inn
ALVARO OBREGON,San Bartolo Ameyalco
ALVARO OBREGON,San Clemente Norte
ALVARO OBREGON,San Clemente Sur
ALVARO OBREGON,San Gabriel
ALVARO OBREGON,San Jeronimo Aculco
ALVARO OBREGON,San Jeronimo Lidice
ALVARO OBREGON,San Jose Del Olivar
ALVARO OBREGON,San Jose Insurgentes
ALVARO OBREGON,San Pedro De Los Pinos
ALVARO OBREGON,Santa Fe
ALVARO OBREGON,Santa Fe Centro Ciudad
ALVARO OBREGON,Santa Fe Cuajimalpa
ALVARO OBREGON,Santa Fe La Loma
ALVARO OBREGON,Santa Fe Peña Blanca
ALVARO OBREGON,Santa Fe Tlayapaca
ALVARO OBREGON,Santa Lucia
ALVARO OBREGON,Santa Lucia Chantepec
ALVARO OBREGON,Santa Maria Nonoalco
ALVARO OBREGON,Santa Rosa Xochiac
ALVARO OBREGON,Tacubaya
ALVARO OBREGON,Tarango
ALVARO OBREGON,Tecalcapa Del Pueblo Tetelpan
ALVARO OBREGON,Tecolalco
ALVARO OBREGON,Tepeaca
ALVARO OBREGON,Tepopotla
ALVARO OBREGON,Tizampampano Del Pueblo Tetelpan
ALVARO OBREGON,Tizapan
ALVARO OBREGON,Tlacoyaque
ALVARO OBREGON,Tlacuitlapa
ALVARO OBREGON,Tlapechico
ALVARO OBREGON,Tolteca
ALVARO OBREGON,Torres De Potrero
ALVARO OBREGON,Villa Progresista
ALVARO OBREGON,Villa Solidaridad
ALVARO OBREGON,Villa Verdun
ALVARO OBREGON,Xoco
ALVARO OBREGON,Zenon Delgado
ALVARO OBREGON,Zona Federal
AZCAPOTZALCO,Agricultura
AZCAPOTZALCO,Aguilera
AZCAPOTZALCO,Aldana
AZCAPOTZALCO,Ampliacion Cosmopolita
AZCAPOTZALCO,Ampliacion Del Gas
AZCAPOTZALCO,Ampliacion Petrolera
AZCAPOTZALCO,Ampliacion San Pedro Xalpa
AZCAPOTZALCO,Ampliación San Pedro Xalpa
AZCAPOTZALCO,Angel Zimbron
AZCAPOTZALCO,Arenal
AZCAPOTZALCO,Atlampa
AZCAPOTZALCO,Barrio Coltongo
AZCAPOTZALCO,Barrio Huautla De Las Salinas
AZCAPOTZALCO,Barrio Los Reyes
AZCAPOTZALCO,Barrio Nextengo
AZCAPOTZALCO,Barrio San Andres
AZCAPOTZALCO,Barrio San Bernabe
AZCAPOTZALCO,Barrio San Marcos
AZCAPOTZALCO,Barrio San Mateo
AZCAPOTZALCO,Barrio Santa Apolonia
AZCAPOTZALCO,Barrio Santa Lucia
AZCAPOTZALCO,Centro De Azcapotzalco
AZCAPOTZALCO,Claveria
AZCAPOTZALCO,Coltongo
AZCAPOTZALCO,Cosmopolita
AZCAPOTZALCO,Defensores De La Republica
AZCAPOTZALCO,Del Gas
AZCAPOTZALCO,Del Maestro
AZCAPOTZALCO,Del Recreo
AZCAPOTZALCO,El Jaguey
AZCAPOTZALCO,El Rosario
AZCAPOTZALCO,Estacion Pantaco
AZCAPOTZALCO,Euzkadi
AZCAPOTZALCO,Ex-Hacienda El Rosario
AZCAPOTZALCO,Ferreria
AZCAPOTZALCO,Ferrería
AZCAPOTZALCO,Guadalupe Victoria
AZCAPOTZALCO,Heroe De Nacozari
AZCAPOTZALCO,Ignacio Allende
AZCAPOTZALCO,Industrial San Antonio
AZCAPOTZALCO,Industrial Vallejo
AZCAPOTZALCO,Jardin Azpeitia
AZCAPOTZALCO,La Preciosa
AZCAPOTZALCO,La Raza
AZCAPOTZALCO,Las Armas
AZCAPOTZALCO,Las Salinas
AZCAPOTZALCO,Liberacion
AZCAPOTZALCO,Libertad
AZCAPOTZALCO,Lindavista Vallejo 1a Seccion
AZCAPOTZALCO,Magdalena De Las Salinas
AZCAPOTZALCO,Monte Alto
AZCAPOTZALCO,Nueva El Rosario
AZCAPOTZALCO,Nueva España
AZCAPOTZALCO,Nueva Industrial Vallejo
AZCAPOTZALCO,Nueva Santa Maria
AZCAPOTZALCO,Nueva Vallejo
AZCAPOTZALCO,Nuevo Barrio San Rafael
AZCAPOTZALCO,Obrero Popular
AZCAPOTZALCO,Pasteros
AZCAPOTZALCO,Patrimonio Familiar
AZCAPOTZALCO,Peralvillo
AZCAPOTZALCO,Petrolera
AZCAPOTZALCO,Plenitud
AZCAPOTZALCO,Plutarco Elias Calles
AZCAPOTZALCO,Popotla
AZCAPOTZALCO,Porvenir
AZCAPOTZALCO,Potrero Del Llano
AZCAPOTZALCO,Prados Del Rosario
AZCAPOTZALCO,Pro Hogar
AZCAPOTZALCO,Providencia
AZCAPOTZALCO,Pueblo San Andres
AZCAPOTZALCO,Pueblo San Andres De Las Salinas
AZCAPOTZALCO,Pueblo San Bartolo Cahualtongo
AZCAPOTZALCO,Pueblo San Francisco Tetecala
AZCAPOTZALCO,Pueblo San Francisco Xocotitla
AZCAPOTZALCO,Pueblo San Juan Tlihuaca
AZCAPOTZALCO,Pueblo San Martin Xochinahuac
AZCAPOTZALCO,Pueblo San Miguel Amantla
AZCAPOTZALCO,Pueblo San Pedro Xalpa
AZCAPOTZALCO,Pueblo Santa Barbara
AZCAPOTZALCO,Pueblo Santa Catarina
AZCAPOTZALCO,Pueblo Santa Cruz Acayucan
AZCAPOTZALCO,Pueblo Santa Maria Malinalco
AZCAPOTZALCO,Pueblo Santiago Ahuizotla
AZCAPOTZALCO,Pueblo Santo Domingo
AZCAPOTZALCO,Reynosa Tamaulipas
AZCAPOTZALCO,San Alvaro
AZCAPOTZALCO,San Antonio
AZCAPOTZALCO,San Lorenzo Tlatenango
AZCAPOTZALCO,San Martín Xochinahuac
AZCAPOTZALCO,San Miguel Amantla
AZCAPOTZALCO,San Rafael
AZCAPOTZALCO,San Salvador Xochimanca
AZCAPOTZALCO,San Sebastian
AZCAPOTZALCO,San Simon Tolnahuac
AZCAPOTZALCO,Santa Cruz De Las Salinas
AZCAPOTZALCO,Santa Ines
AZCAPOTZALCO,Santa Maria Insurgentes
AZCAPOTZALCO,Santiago Ahuizotla
AZCAPOTZALCO,Santo Domingo
AZCAPOTZALCO,Santo Tomas
AZCAPOTZALCO,Sector Naval
AZCAPOTZALCO,Sindicato Mexicano De Electricistas
AZCAPOTZALCO,Tacuba
AZCAPOTZALCO,Tezozomoc
AZCAPOTZALCO,Tierra Nueva
AZCAPOTZALCO,Tlatilco
AZCAPOTZALCO,Trabajadores De Hierro
AZCAPOTZALCO,Un Hogar Para Cada Trabajador
AZCAPOTZALCO,Unidad Cuitlahuac
AZCAPOTZALCO,Vallejo Poniente
AZCAPOTZALCO,Victoria De Las Democracias
BENITO JUAREZ,8 De Agosto
BENITO JUAREZ,Acacias
BENITO JUAREZ,Actipan
BENITO JUAREZ,Alamos
BENITO JUAREZ,Albert
BENITO JUAREZ,Alfonso Xiii
BENITO JUAREZ,Algarin
BENITO JUAREZ,Americas Unidas
BENITO JUAREZ,Ampliacion Napoles
BENITO JUAREZ,Atenor Salas
BENITO JUAREZ,Banjidal
BENITO JUAREZ,Barrio San Pedro
BENITO JUAREZ,Barrio Santa Maria Nonoalco
BENITO JUAREZ,Buenos Aires
BENITO JUAREZ,Carola
BENITO JUAREZ,Churubusco Country Club
BENITO JUAREZ,Ciudad De Los Deportes
BENITO JUAREZ,Credito Constructor
BENITO JUAREZ,Del Carmen
BENITO JUAREZ,Del Lago
BENITO JUAREZ,Del Valle Centro
BENITO JUAREZ,Del Valle Norte
BENITO JUAREZ,Del Valle Sur
BENITO JUAREZ,El Prado
BENITO JUAREZ,Ermita
BENITO JUAREZ,Escandon Ii Seccion
BENITO JUAREZ,Escandon I Seccion
BENITO JUAREZ,Extremadura Insurgentes
BENITO JUAREZ,Florida
BENITO JUAREZ,General Pedro Ma Anaya
BENITO JUAREZ,Guadalupe Inn
BENITO JUAREZ,Independencia
BENITO JUAREZ,Insurgentes Mixcoac
BENITO JUAREZ,Insurgentes San Borja
BENITO JUAREZ,Iztaccihuatl
BENITO JUAREZ,Josefa Ortiz De Dominguez
BENITO JUAREZ,Letran Valle
BENITO JUAREZ,Los Alpes
BENITO JUAREZ,Merced Gomez
BENITO JUAREZ,Miguel Aleman
BENITO JUAREZ,Militar Marte
BENITO JUAREZ,Miravalle
BENITO JUAREZ,Mixcoac
BENITO JUAREZ,Moderna
BENITO JUAREZ,Napoles
BENITO JUAREZ,Narvarte Oriente
BENITO JUAREZ,Narvarte Poniente
BENITO JUAREZ,Nativitas
BENITO JUAREZ,Niños Heroes
BENITO JUAREZ,Noche Buena
BENITO JUAREZ,Nueva Santa Anita
BENITO JUAREZ,Periodista
BENITO JUAREZ,Piedad Narvarte
BENITO JUAREZ,Portales Norte
BENITO JUAREZ,Portales Oriente
BENITO JUAREZ,Portales Sur
BENITO JUAREZ,Postal
BENITO JUAREZ,Pueblo Axotla
BENITO JUAREZ,Reforma Iztaccihuatl Norte
BENITO JUAREZ,Reforma Iztaccihuatl Sur
BENITO JUAREZ,Residencial Emperadores
BENITO JUAREZ,Roma Sur
BENITO JUAREZ,San Andres Tetepilco
BENITO JUAREZ,San Diego Churubusco
BENITO JUAREZ,San Jose Insurgentes
BENITO JUAREZ,San Juan
BENITO JUAREZ,San Pedro De Los Pinos
BENITO JUAREZ,San Simon Ticumac
BENITO JUAREZ,Santa Cruz Atoyac
BENITO JUAREZ,Santa Maria Nonoalco
BENITO JUAREZ,Tacubaya
BENITO JUAREZ,Tlacoquemecatl
BENITO JUAREZ,Vertiz Narvarte
BENITO JUAREZ,Viaducto Piedad
BENITO JUAREZ,Villa De Cortes
BENITO JUAREZ,Xoco
BENITO JUAREZ,Zacahuitzco
COYOACAN,Adolfo Ruiz Cortines
COYOACAN,Adolfo Ruiz Cortinez
COYOACAN,Ajusco
COYOACAN,Alianza Popular Revolucionaria
COYOACAN,Ampliacion San Francisco Culhuacan
COYOACAN,Atlantida
COYOACAN,Avante
COYOACAN,Barrio Del Niño Jesus
COYOACAN,Barrio La Concepcion
COYOACAN,Barrio La Otra Banda
COYOACAN,Barrio Loreto
COYOACAN,Barrio Oxtopulco Universidad
COYOACAN,Barrio San Antonio Culhuacan
COYOACAN,Barrio San Lucas
COYOACAN,Barrio Santa Catarina
COYOACAN,Barrio Tula
COYOACAN,Belisario Dominguez
COYOACAN,Bosques De Tetlameya
COYOACAN,Cacama
COYOACAN,Cafetales
COYOACAN,Campestre Churubusco
COYOACAN,Campestre Coyoacan
COYOACAN,Cantil Del Pedregal
COYOACAN,Carmen Serdan
COYOACAN,Chimalistac
COYOACAN,Churubusco Country Club
COYOACAN,Ciudad Jardin
COYOACAN,Ciudad Universitaria
COYOACAN,Comuneros De Santa Ursula
COYOACAN,Copilco El Alto
COYOACAN,Copilco El Bajo
COYOACAN,Copilco Universidad
COYOACAN,Cuadrante De San Francisco
COYOACAN,Culhuacan Ctm Canal Nacional
COYOACAN,Culhuacan Ctm Croc
COYOACAN,Culhuacan C.t.m. Secciën X
COYOACAN,Culhuacan Ctm Seccion  I
COYOACAN,Culhuacan Ctm Seccion  Ii
COYOACAN,Culhuacan Ctm Seccion Iii
COYOACAN,Culhuacan Ctm Seccion Ix-A
COYOACAN,Culhuacan Ctm Seccion Ix-B
COYOACAN,Culhuacan Ctm Seccion Piloto
COYOACAN,Culhuacan Ctm Seccion V
COYOACAN,Culhuacan Ctm Seccion Vi
COYOACAN,Culhuacan Ctm Seccion Vii
COYOACAN,Culhuacan Ctm Seccion Viii
COYOACAN,Culhuacan Ctm Seccion X-A
COYOACAN,Del Carmen
COYOACAN,Educacion
COYOACAN,El Caracol
COYOACAN,El Centinela
COYOACAN,El Mirador
COYOACAN,El Parque De Coyoacan
COYOACAN,El Prado
COYOACAN,El Reloj
COYOACAN,El Rosario
COYOACAN,El Rosedal
COYOACAN,Emiliano Zapata
COYOACAN,Emiliano Zapata Fraccionamiento Popular
COYOACAN,Ermita
COYOACAN,Espartaco
COYOACAN,Estrella Culhuacan
COYOACAN,Ex-Ejido De San Francisco Culhuacan
COYOACAN,Ex Ejido De  Santa Ursula Coapa
COYOACAN,Ex-Ejido De Santa Ursula Coapa
COYOACAN,Ex Ejido San Pablo Tepetlapa
COYOACAN,Ex Hacienda Coapa
COYOACAN,Ex-Hacienda De Guadalupe Chimalistac
COYOACAN,Floresta Coyoacan
COYOACAN,Florida
COYOACAN,General Pedro Ma Anaya
COYOACAN,Granjas Coapa
COYOACAN,Granjas Esmeralda
COYOACAN,Haciendas De Coyoacan
COYOACAN,Hermosillo
COYOACAN,Huayamilpas
COYOACAN,Insurgentes Cuicuilco
COYOACAN,Isidro Fabela
COYOACAN,Jardines De Coyoacan
COYOACAN,Jardines Del Pedregal
COYOACAN,Jardines Del Pedregal De San Angel
COYOACAN,Jardines En La Montaña
COYOACAN,Joyas Del Pedregal
COYOACAN,La Otra Banda
COYOACAN,Las Campanas
COYOACAN,Lomas Estrella
COYOACAN,Los Cedros
COYOACAN,Los Cipreses
COYOACAN,Los Girasoles
COYOACAN,Los Olivos
COYOACAN,Los Sauces
COYOACAN,Nueva Diaz Ordaz
COYOACAN,Olimpica
COYOACAN,Parque Del Pedregal
COYOACAN,Parque San Andres
COYOACAN,Paseos De Taxqueña
COYOACAN,Pedregal De Carrasco
COYOACAN,Pedregal De Santa Ursula
COYOACAN,Pedregal De Santo Domingo
COYOACAN,Pedregal De Sn Francisco
COYOACAN,Peña Pobre
COYOACAN,Petrolera Taxqueña
COYOACAN,Portales Sur
COYOACAN,Prado Churubusco
COYOACAN,Prados De Coyoacan
COYOACAN,Presidentes Ejidales 1a Seccion
COYOACAN,Presidentes Ejidales 2a Seccion
COYOACAN,Pueblo Axotla
COYOACAN,Pueblo De Los Reyes
COYOACAN,Pueblo De San Pablo Tepetlapa
COYOACAN,Pueblo De Santa Ursula Coapa
COYOACAN,Pueblo La Candelaria
COYOACAN,Pueblo Mexicaltzingo
COYOACAN,Pueblo San Andres Tomatlan
COYOACAN,Pueblo San Lorenzo Huipulco
COYOACAN,Pueblo San Pablo Tepetlapa
COYOACAN,Pueblo Santa Maria Tomatlan
COYOACAN,Residencial Miramontes
COYOACAN,Rinconada Coapa 2a Seccion
COYOACAN,Romero De Terreros
COYOACAN,San Antonio Culhuacan
COYOACAN,San Diego Churubusco
COYOACAN,San Francisco Culhuacan Barrio De La Magdalena
COYOACAN,San Francisco Culhuacan Barrio De San Francisco
COYOACAN,San Francisco Culhuacan Barrio De San Juan
COYOACAN,San Francisco Culhuacan Barrio De Santa Ana
COYOACAN,San Mateo
COYOACAN,Santa Cecilia
COYOACAN,Tenorios
COYOACAN,Toriello Guerra
COYOACAN,Unidad Obrero Hab. Ctm Culhuacan Zona 13
COYOACAN,Universidad Nacional Autónoma De México
COYOACAN,Valle Del Sur
COYOACAN,Vergel Coapa
COYOACAN,Vergel De Coyoacan
COYOACAN,Vergel Del Sur
COYOACAN,Viejo Ejido Santa Ursula Coapa
COYOACAN,Villa Coyoacan
COYOACAN,Villa Lazaro Cardenas
COYOACAN,Villa Quietud
COYOACAN,Xoco
COYOACAN,Xotepingo
CUAJIMALPA DE MORELOS,1° De Mayo
CUAJIMALPA DE MORELOS,1ro De Mayo
CUAJIMALPA DE MORELOS,Abdias Garcia Soto
CUAJIMALPA DE MORELOS,Adolfo Lopez Mateos
CUAJIMALPA DE MORELOS,Agua Bendita
CUAJIMALPA DE MORELOS,Ahuatenco
CUAJIMALPA DE MORELOS,Amado Nervo
CUAJIMALPA DE MORELOS,Ampliacion El Yaqui
CUAJIMALPA DE MORELOS,Ampliacion Memetla
CUAJIMALPA DE MORELOS,Bosque De Las Lomas
CUAJIMALPA DE MORELOS,Bosques De Las Lomas
CUAJIMALPA DE MORELOS,Campestre Palo Alto
CUAJIMALPA DE MORELOS,Club De Golf Bosques
CUAJIMALPA DE MORELOS,Cola De Pato - Pueblo
CUAJIMALPA DE MORELOS,Contadero
CUAJIMALPA DE MORELOS,Cooperativa Palo Alto
CUAJIMALPA DE MORELOS,Cruz Blanca
CUAJIMALPA DE MORELOS,Cuajimalpa
CUAJIMALPA DE MORELOS,Ejido San Mateo
CUAJIMALPA DE MORELOS,El Ebano
CUAJIMALPA DE MORELOS,El Ébano
CUAJIMALPA DE MORELOS,El Molinito
CUAJIMALPA DE MORELOS,El Molino
CUAJIMALPA DE MORELOS,El Tianguillo
CUAJIMALPA DE MORELOS,El Yaqui
CUAJIMALPA DE MORELOS,Granjas Navidad
CUAJIMALPA DE MORELOS,Granjas Palo Alto
CUAJIMALPA DE MORELOS,Jesus Del Monte
CUAJIMALPA DE MORELOS,La Manzanita
CUAJIMALPA DE MORELOS,La Navidad
CUAJIMALPA DE MORELOS,La Pila
CUAJIMALPA DE MORELOS,Las Lajas
CUAJIMALPA DE MORELOS,Las Maromas
CUAJIMALPA DE MORELOS,Las Tinajas
CUAJIMALPA DE MORELOS,La Venta
CUAJIMALPA DE MORELOS,Locaxco
CUAJIMALPA DE MORELOS,Loma Del Padre
CUAJIMALPA DE MORELOS,Lomas De Bezares
CUAJIMALPA DE MORELOS,Lomas Del Chamizal
CUAJIMALPA DE MORELOS,Lomas De Memetla
CUAJIMALPA DE MORELOS,Lomas De Sn Pedro
CUAJIMALPA DE MORELOS,Lomas De Vista Hermosa
CUAJIMALPA DE MORELOS,Manzanastitla
CUAJIMALPA DE MORELOS,Memetla
CUAJIMALPA DE MORELOS,Paseo De Las Lomas
CUAJIMALPA DE MORELOS,Pueblo San Bartolo Ameyalco
CUAJIMALPA DE MORELOS,Pueblo San Lorenzo Acopilco
CUAJIMALPA DE MORELOS,Pueblo San Mateo Tlaltenango
CUAJIMALPA DE MORELOS,Pueblo San Pablo Chimalpa
CUAJIMALPA DE MORELOS,Pueblo Santa Lucia
CUAJIMALPA DE MORELOS,Pueblo Santa Rosa Xochiac
CUAJIMALPA DE MORELOS,San Gabriel
CUAJIMALPA DE MORELOS,San Jose De Los Cedros
CUAJIMALPA DE MORELOS,San Lorenzo Acopilco
CUAJIMALPA DE MORELOS,San Mateo Tlaltenango
CUAJIMALPA DE MORELOS,San Pablo Chimalpa
CUAJIMALPA DE MORELOS,San Pedro
CUAJIMALPA DE MORELOS,Santa Fe
CUAJIMALPA DE MORELOS,Santa Fe Centro Ciudad
CUAJIMALPA DE MORELOS,Santa Fe Cuajimalpa
CUAJIMALPA DE MORELOS,Santa Fe La Loma
CUAJIMALPA DE MORELOS,Santa Fe Peña Blanca
CUAJIMALPA DE MORELOS,Santa Rosa Xochiac
CUAJIMALPA DE MORELOS,Tepetongo
CUAJIMALPA DE MORELOS,Xalpa
CUAJIMALPA DE MORELOS,Zacamulpa
CUAJIMALPA DE MORELOS,Zentlapatl
CUAUHTEMOC,7 De Noviembre
CUAUHTEMOC,Agricultura
CUAUHTEMOC,Alamos
CUAUHTEMOC,Algarin
CUAUHTEMOC,Ampl. Asturias
CUAUHTEMOC,Ampliacion Del Gas
CUAUHTEMOC,Anzures
CUAUHTEMOC,Arenal
CUAUHTEMOC,Artes Graficas
CUAUHTEMOC,Asturias
CUAUHTEMOC,Atenor Salas
CUAUHTEMOC,Atlampa
CUAUHTEMOC,Bosque De Chapultepec I Seccion
CUAUHTEMOC,Buenavista
CUAUHTEMOC,Buenos Aires
CUAUHTEMOC,Centro
CUAUHTEMOC,Centro (Área 1)
CUAUHTEMOC,Condesa
CUAUHTEMOC,Cuauhtemoc
CUAUHTEMOC,Del Valle Norte
CUAUHTEMOC,Doctores
CUAUHTEMOC,Escandon Ii Seccion
CUAUHTEMOC,Escandon I Seccion
CUAUHTEMOC,Esperanza
CUAUHTEMOC,Ex Hipodromo De Peralvillo
CUAUHTEMOC,Ex-Hipódromo De Peralvillo
CUAUHTEMOC,Felipe Pescador
CUAUHTEMOC,Guerrero
CUAUHTEMOC,Hipodromo
CUAUHTEMOC,Hipodromo Condesa
CUAUHTEMOC,Hipódromo Condesa
CUAUHTEMOC,Jamaica
CUAUHTEMOC,Juarez
CUAUHTEMOC,La Raza
CUAUHTEMOC,Lorenzo Boturini
CUAUHTEMOC,Maza
CUAUHTEMOC,Merced Balbuena
CUAUHTEMOC,Morelos
CUAUHTEMOC,Nicolas Bravo
CUAUHTEMOC,Nonoalco Tlatelolco
CUAUHTEMOC,Obrera
CUAUHTEMOC,Paulino Navarro
CUAUHTEMOC,Peralvillo
CUAUHTEMOC,Piedad Narvarte
CUAUHTEMOC,Roma Norte
CUAUHTEMOC,Roma Sur
CUAUHTEMOC,San Miguel Chapultepec Ii Seccion
CUAUHTEMOC,San Miguel Chapultepec I Seccion
CUAUHTEMOC,San Rafael
CUAUHTEMOC,San Simon Tolnahuac
CUAUHTEMOC,Santa Anita
CUAUHTEMOC,Santa Maria Insurgentes
CUAUHTEMOC,Santa Maria La Ribera
CUAUHTEMOC,Tabacalera
CUAUHTEMOC,Tlatilco
CUAUHTEMOC,Tlaxpana
CUAUHTEMOC,Transito
CUAUHTEMOC,Valle Gomez
CUAUHTEMOC,Valle Gómez
CUAUHTEMOC,Vallejo
CUAUHTEMOC,Vallejo Poniente
CUAUHTEMOC,Veronica Anzures
CUAUHTEMOC,Viaducto Piedad
CUAUHTEMOC,Vista Alegre
CUAUHTEMOC,Zona Centro
GUSTAVO A. MADERO,15 De Agosto
GUSTAVO A. MADERO,25 De Julio
GUSTAVO A. MADERO,5to Tramo 20 De Noviembre
GUSTAVO A. MADERO,6 De Junio
GUSTAVO A. MADERO,7 De Noviembre
GUSTAVO A. MADERO,Acueducto De Guadalupe
GUSTAVO A. MADERO,Ahuehuetes
GUSTAVO A. MADERO,Ampliacion Arboledas
GUSTAVO A. MADERO,Ampliacion Benito Juarez
GUSTAVO A. MADERO,Ampliación Benito Juárez
GUSTAVO A. MADERO,Ampliacion Casas Aleman
GUSTAVO A. MADERO,Ampliacion Castillo Grande
GUSTAVO A. MADERO,Ampliacion Chalma De Guadalupe
GUSTAVO A. MADERO,Ampliacion Cocoyotes
GUSTAVO A. MADERO,Ampliacion Emiliano Zapata
GUSTAVO A. MADERO,Ampliacion Gabriel Hernandez
GUSTAVO A. MADERO,Ampliacion Guadalupe Proletaria
GUSTAVO A. MADERO,Ampliacion Malacates
GUSTAVO A. MADERO,Ampliacion Martires De Rio Blanco
GUSTAVO A. MADERO,Ampliacion Panamericana
GUSTAVO A. MADERO,Ampliacion Progreso Nacional
GUSTAVO A. MADERO,Ampliación Progreso Nacional
GUSTAVO A. MADERO,Ampliacion Providencia
GUSTAVO A. MADERO,Ampliacion San Juan De Aragon
GUSTAVO A. MADERO,Ampliacion San Juan De Aragon Ctm
GUSTAVO A. MADERO,Ampliacion Simon Bolivar
GUSTAVO A. MADERO,Aquiles Serdan
GUSTAVO A. MADERO,Aragon Inguaran
GUSTAVO A. MADERO,Aragon La Villa
GUSTAVO A. MADERO,Aragón La Villa
GUSTAVO A. MADERO,Arboledas
GUSTAVO A. MADERO,Arboledas De Cuautepec El Alto
GUSTAVO A. MADERO,Arpto Int De La Cd De Mex-Equipamiento
GUSTAVO A. MADERO,Barrio Candelaria Ticoman
GUSTAVO A. MADERO,Barrio Candelaria Ticomán
GUSTAVO A. MADERO,Barrio Guadalupe Ticoman
GUSTAVO A. MADERO,Barrio La Laguna Ticoman
GUSTAVO A. MADERO,Barrio La Purisima Ticoman
GUSTAVO A. MADERO,Barrio San Juan Y Guadalupe Ticoman
GUSTAVO A. MADERO,Barrio San Rafael Ticoman
GUSTAVO A. MADERO,Belisario Dominguez
GUSTAVO A. MADERO,Benito Juarez
GUSTAVO A. MADERO,Bondojito
GUSTAVO A. MADERO,Campestre Aragon
GUSTAVO A. MADERO,Capultitlan
GUSTAVO A. MADERO,Castillo Chico
GUSTAVO A. MADERO,Castillo Grande
GUSTAVO A. MADERO,Castillo Grande I
GUSTAVO A. MADERO,Cerro Del Guerrero
GUSTAVO A. MADERO,Cerro Los Gachupines
GUSTAVO A. MADERO,Chalma De Guadalupe
GUSTAVO A. MADERO,Churubusco Tepeyac
GUSTAVO A. MADERO,Cocoyotes
GUSTAVO A. MADERO,Coltongo
GUSTAVO A. MADERO,Compositores Mexicanos
GUSTAVO A. MADERO,Constitucion De La Republica
GUSTAVO A. MADERO,C T M Aragon
GUSTAVO A. MADERO,C T M Atzacoalco
GUSTAVO A. MADERO,C.T.M. Atzacoalco
GUSTAVO A. MADERO,C T M El Risco
GUSTAVO A. MADERO,C.T.M. El Risco
GUSTAVO A. MADERO,Cuautepec Barrio Alto
GUSTAVO A. MADERO,Cuautepec De Madero
GUSTAVO A. MADERO,Cuchilla Del Tesoro
GUSTAVO A. MADERO,Cuchilla La Joya
GUSTAVO A. MADERO,Defensores De La Republica
GUSTAVO A. MADERO,Del Bosque
GUSTAVO A. MADERO,Del Carmen
GUSTAVO A. MADERO,Del Obrero
GUSTAVO A. MADERO,Dinamita
GUSTAVO A. MADERO,D M Nacional
GUSTAVO A. MADERO,Ejidos San Juan De Aragon 1a Seccion
GUSTAVO A. MADERO,El Arbolillo
GUSTAVO A. MADERO,El Coyol
GUSTAVO A. MADERO,El Olivo
GUSTAVO A. MADERO,El Tepetatal
GUSTAVO A. MADERO,Emiliano Zapata
GUSTAVO A. MADERO,Estanzuela
GUSTAVO A. MADERO,Estrella
GUSTAVO A. MADERO,Ex Ejido San Juan De Aragon Sector 32
GUSTAVO A. MADERO,Ex Ejido San Juan De Aragon Sector 33
GUSTAVO A. MADERO,Ex Escuela De Tiro
GUSTAVO A. MADERO,Faja De Oro
GUSTAVO A. MADERO,Felipe Angeles
GUSTAVO A. MADERO,Fernando Casas Aleman
GUSTAVO A. MADERO,Ferrocarrilera
GUSTAVO A. MADERO,Forestal
GUSTAVO A. MADERO,Forestal I
GUSTAVO A. MADERO,Forestal Ii
GUSTAVO A. MADERO,Gabriel Hernandez
GUSTAVO A. MADERO,General Felipe Berriozabal
GUSTAVO A. MADERO,Gertrudis Sanchez 1a Seccion
GUSTAVO A. MADERO,Gertrudis Sanchez 2a Seccion
GUSTAVO A. MADERO,Gertrudis Sanchez 3a Seccion
GUSTAVO A. MADERO,Granjas Modernas
GUSTAVO A. MADERO,Guadalupe Insurgentes
GUSTAVO A. MADERO,Guadalupe Proletaria
GUSTAVO A. MADERO,Guadalupe Tepeyac
GUSTAVO A. MADERO,Guadalupe Victoria
GUSTAVO A. MADERO,Guadalupe Victoria Cuautepec
GUSTAVO A. MADERO,Heroe De Nacozari
GUSTAVO A. MADERO,Heroes De Cerro Prieto
GUSTAVO A. MADERO,Heroes De Chapultepec
GUSTAVO A. MADERO,Indeco
GUSTAVO A. MADERO,Industrial
GUSTAVO A. MADERO,Industrial Vallejo
GUSTAVO A. MADERO,Jorge Negrete
GUSTAVO A. MADERO,Juan Gonzalez Romero
GUSTAVO A. MADERO,Juan González Romero
GUSTAVO A. MADERO,Juventino Rosas
GUSTAVO A. MADERO,La Casilda
GUSTAVO A. MADERO,La Cruz
GUSTAVO A. MADERO,La Esmeralda
GUSTAVO A. MADERO,La Forestal 2
GUSTAVO A. MADERO,La Joya
GUSTAVO A. MADERO,La Joyita
GUSTAVO A. MADERO,La Lengueta
GUSTAVO A. MADERO,La Malinche
GUSTAVO A. MADERO,La Pastora
GUSTAVO A. MADERO,La Pradera
GUSTAVO A. MADERO,La Pradera I
GUSTAVO A. MADERO,La Raza
GUSTAVO A. MADERO,Li Legislatura
GUSTAVO A. MADERO,Lindavista
GUSTAVO A. MADERO,Lindavista Norte
GUSTAVO A. MADERO,Lindavista Sur
GUSTAVO A. MADERO,Lindavista Vallejo 1a Seccion
GUSTAVO A. MADERO,Lindavista Vallejo 2a Seccion
GUSTAVO A. MADERO,Lindavista Vallejo 3a Seccion
GUSTAVO A. MADERO,Loma La Palma
GUSTAVO A. MADERO,Lomas De Cuautepec
GUSTAVO A. MADERO,Lomas De San Juan Ixhuatepec 2a Sección
GUSTAVO A. MADERO,Luis Donaldo Colosio
GUSTAVO A. MADERO,Magdalena De Las Salinas
GUSTAVO A. MADERO,Malacates
GUSTAVO A. MADERO,Martin Carrera
GUSTAVO A. MADERO,Martires De Rio Blanco
GUSTAVO A. MADERO,Maximino Avila Camacho
GUSTAVO A. MADERO,Montevideo
GUSTAVO A. MADERO,Narciso Bassols
GUSTAVO A. MADERO,Nueva Atzacoalco
GUSTAVO A. MADERO,Nueva Industrial Vallejo
GUSTAVO A. MADERO,Nueva Tenochtitlan
GUSTAVO A. MADERO,Nueva Vallejo
GUSTAVO A. MADERO,Palmatitla
GUSTAVO A. MADERO,Panamericana
GUSTAVO A. MADERO,Parque Metropolitano
GUSTAVO A. MADERO,Pensador Mexicano
GUSTAVO A. MADERO,Peralvillo
GUSTAVO A. MADERO,Planetario Lindavista
GUSTAVO A. MADERO,Porvenir
GUSTAVO A. MADERO,Pradera 2a Seccion
GUSTAVO A. MADERO,Prados De Cuautepec
GUSTAVO A. MADERO,Progreso Nacional
GUSTAVO A. MADERO,Pro Hogar
GUSTAVO A. MADERO,Providencia
GUSTAVO A. MADERO,Pueblo De Santiago Atzacoalco
GUSTAVO A. MADERO,Pueblo San Francisco Xocotitla
GUSTAVO A. MADERO,Pueblo San Juan De Aragon
GUSTAVO A. MADERO,Residencial Acueducto De Guadalupe
GUSTAVO A. MADERO,Residencial La Escalera
GUSTAVO A. MADERO,Residencial Zacatenco
GUSTAVO A. MADERO,Rosas Del Tepeyac
GUSTAVO A. MADERO,Salvador Diaz Miron
GUSTAVO A. MADERO,San Antonio
GUSTAVO A. MADERO,San Bartolo Atepehuacan
GUSTAVO A. MADERO,San Felipe De Jesus
GUSTAVO A. MADERO,San Felipe De Jesús
GUSTAVO A. MADERO,San Jose De La Escalera
GUSTAVO A. MADERO,San José De La Escalera
GUSTAVO A. MADERO,San Jose Ticoman
GUSTAVO A. MADERO,San Juan De Aragon
GUSTAVO A. MADERO,San Juan De Aragon Iii Seccion
GUSTAVO A. MADERO,San Juan De Aragon Ii Seccion
GUSTAVO A. MADERO,San Juan De Aragon I Seccion
GUSTAVO A. MADERO,San Juan De Aragón I Sección
GUSTAVO A. MADERO,San Juan De Aragon Iv Seccion
GUSTAVO A. MADERO,San Juan De Aragón Iv Sección
GUSTAVO A. MADERO,San Juan De Aragon Vii Seccion
GUSTAVO A. MADERO,San Juan De Aragon Vi Seccion
GUSTAVO A. MADERO,San Juan De Aragon V Seccion
GUSTAVO A. MADERO,San Juan Y Guadalupe Ticomán
GUSTAVO A. MADERO,San Miguel
GUSTAVO A. MADERO,San Pedro El Chico
GUSTAVO A. MADERO,San Pedro Zacatenco
GUSTAVO A. MADERO,San Rafael Ticomán
GUSTAVO A. MADERO,Santa Cruz De Las Salinas
GUSTAVO A. MADERO,Santa Isabel Tola
GUSTAVO A. MADERO,Santa Maria Ticoman
GUSTAVO A. MADERO,Santa Rosa
GUSTAVO A. MADERO,Santiago Atepetlac
GUSTAVO A. MADERO,Siete Maravillas
GUSTAVO A. MADERO,Simon Bolivar
GUSTAVO A. MADERO,Solidaridad Nacional
GUSTAVO A. MADERO,Tablas De San Agustin
GUSTAVO A. MADERO,Tepetates
GUSTAVO A. MADERO,Tepeyac Insurgentes
GUSTAVO A. MADERO,Tlacaelel
GUSTAVO A. MADERO,Tlacamaca
GUSTAVO A. MADERO,Tlalpexco
GUSTAVO A. MADERO,Torres Lindavista
GUSTAVO A. MADERO,Trabajadores De Hierro
GUSTAVO A. MADERO,Tres Estrellas
GUSTAVO A. MADERO,Triunfo De La Republica
GUSTAVO A. MADERO,U.habit. Cuchilla Del Tesoro
GUSTAVO A. MADERO,Valle Del Tepeyac
GUSTAVO A. MADERO,Valle De Madero
GUSTAVO A. MADERO,Valle Gomez
GUSTAVO A. MADERO,Vallejo
GUSTAVO A. MADERO,Vallejo Poniente
GUSTAVO A. MADERO,Vasco De Quiroga
GUSTAVO A. MADERO,Veronica Castro
GUSTAVO A. MADERO,Villa De Aragon
GUSTAVO A. MADERO,Villa De Aragón
GUSTAVO A. MADERO,Villa Gustavo A Madero
GUSTAVO A. MADERO,Villa Gustavo A. Madero
GUSTAVO A. MADERO,Villa Hermosa
GUSTAVO A. MADERO,Vista Hermosa
GUSTAVO A. MADERO,Vista Hermosa I
GUSTAVO A. MADERO,Zona Escolar
GUSTAVO A. MADERO,Zona Escolar Oriente
IZTACALCO,Adolfo Lopez Mateos
IZTACALCO,Agricola Oriental
IZTACALCO,Agrícola Oriental
IZTACALCO,Agricola Pantitlan
IZTACALCO,Agrícola Pantitlan
IZTACALCO,Alamos
IZTACALCO,Algarin
IZTACALCO,Ampliacion Aviacion Civil
IZTACALCO,Ampliacion Gabriel Ramos Millan
IZTACALCO,Apatlaco
IZTACALCO,Asturias
IZTACALCO,Barrio La Asuncion
IZTACALCO,Barrio Los Reyes
IZTACALCO,Barrio San Francisco Xicaltongo
IZTACALCO,Barrio San Miguel
IZTACALCO,Barrio San Pedro
IZTACALCO,Barrio Santa Cruz
IZTACALCO,Barrio Santiago Norte
IZTACALCO,Barrio Santiago Sur
IZTACALCO,Barrio Zapotla
IZTACALCO,Campamento 2 De Octubre
IZTACALCO,Carlos Zapata Vela
IZTACALCO,Central De Abasto
IZTACALCO,Chinampac De Juarez
IZTACALCO,Cuchilla Agricola Oriental
IZTACALCO,Cuchilla Del Moral
IZTACALCO,Cuchilla Pantitlan
IZTACALCO,Dr Alfonso Ortiz Tirado
IZTACALCO,El Retoño
IZTACALCO,El Rodeo
IZTACALCO,El Triunfo
IZTACALCO,Ex-Ejido La Magdalena Mixhuca
IZTACALCO,Fraccionamiento Coyuya
IZTACALCO,Gabriel Ramos Millan
IZTACALCO,Gabriel Ramos Millán
IZTACALCO,Gabriel Ramos Millan Seccion Bramadero
IZTACALCO,Gabriel Ramos Millán Sección Bramadero
IZTACALCO,Gabriel Ramos Millan Seccion Cuchilla
IZTACALCO,Gabriel Ramos Millan Secc Tlacotal
IZTACALCO,General Ignacio Zaragoza
IZTACALCO,Granjas Mexico
IZTACALCO,Granjas México
IZTACALCO,Infonavit Iztacalco
IZTACALCO,Inpi Picos
IZTACALCO,Iztaccihuatl
IZTACALCO,Jamaica
IZTACALCO,Jardin Balbuena
IZTACALCO,Jardines Tecma
IZTACALCO,Juan Escutia
IZTACALCO,Juventino Rosas
IZTACALCO,La Cruz
IZTACALCO,Leyes De Reforma 3a Seccion
IZTACALCO,Los Picos
IZTACALCO,Los Picos De Iztacalco Seccion 1 A
IZTACALCO,Los Picos De Iztacalco Seccion 1 B
IZTACALCO,Los Picos De Iztacalco Seccion 2 A
IZTACALCO,Magdalena Mixiuhca
IZTACALCO,Militar Marte
IZTACALCO,Moderna
IZTACALCO,Nativitas
IZTACALCO,Nueva Santa Anita
IZTACALCO,Paseos De Churubusco
IZTACALCO,Puebla
IZTACALCO,Pueblo San Juanico Nextipac
IZTACALCO,Purisima Atlazolpa
IZTACALCO,Real Del Moral
IZTACALCO,Reforma Iztaccihuatl Norte
IZTACALCO,Reforma Iztaccihuatl Sur
IZTACALCO,San Andres Tetepilco
IZTACALCO,San Jose Aculco
IZTACALCO,Santa Anita
IZTACALCO,Tepalcates
IZTACALCO,Tlazintla
IZTACALCO,Unidad Ejercito Constitucionalista
IZTACALCO,Viaducto Piedad
IZTACALCO,Villa De Cortes
IZTACALCO,Zacahuitzco
IZTAPALAPA,12 De Diciembre
IZTAPALAPA,Agricola Oriental
IZTAPALAPA,Agricola Pantitlan
IZTAPALAPA,Albarrada
IZTAPALAPA,Albert
IZTAPALAPA,Alvaro Obregon
IZTAPALAPA,Ampliacion Bellavista
IZTAPALAPA,Ampliacion El Santuario
IZTAPALAPA,Ampliacion El Triunfo
IZTAPALAPA,Ampliacion Emiliano Zapata
IZTAPALAPA,Ampliación Emiliano Zapata
IZTAPALAPA,Ampliacion Los Olivos
IZTAPALAPA,Ampliacion Los Reyes
IZTAPALAPA,Ampliacion Paraje San Juan
IZTAPALAPA,Ampliacion Ricardo Flores Magon
IZTAPALAPA,Ampliacion San Miguel
IZTAPALAPA,Ampliacion Santa Maria Aztahuacan
IZTAPALAPA,Ampliacion Sinatel
IZTAPALAPA,Ampliacion Veracruzana
IZTAPALAPA,Año De Juarez
IZTAPALAPA,Apatlaco
IZTAPALAPA,Area Federal Parque Ecologico El Salado
IZTAPALAPA,Banjidal
IZTAPALAPA,Barranca De Guadalupe
IZTAPALAPA,Barrio Guadalupe
IZTAPALAPA,Barrio La Asuncion
IZTAPALAPA,Barrio San Antonio
IZTAPALAPA,Barrio San Antonio Culhuacan
IZTAPALAPA,Barrio San Ignacio
IZTAPALAPA,Barrio San Jose
IZTAPALAPA,Barrio San Lorenzo
IZTAPALAPA,Barrio San Lucas
IZTAPALAPA,Barrio San Miguel
IZTAPALAPA,Barrio San Pablo
IZTAPALAPA,Barrio San Pedro
IZTAPALAPA,Barrio San Simon Culhuacan
IZTAPALAPA,Barrio Santa Barbara
IZTAPALAPA,Barrio Santiago Sur
IZTAPALAPA,Barrio Tula
IZTAPALAPA,Bellavista
IZTAPALAPA,Benito Juarez
IZTAPALAPA,Buenavista
IZTAPALAPA,Cacama
IZTAPALAPA,Campamento 2 De Octubre
IZTAPALAPA,Campestre Potrero
IZTAPALAPA,Cananea
IZTAPALAPA,Carlos Hank Gonzalez
IZTAPALAPA,Carlos Jonguitud Barrios
IZTAPALAPA,Carlos Zapata Vela
IZTAPALAPA,Casa Blanca
IZTAPALAPA,Celoalliotli
IZTAPALAPA,Central De Abasto
IZTAPALAPA,Cerro De La Estrella
IZTAPALAPA,Chinampac De Juarez
IZTAPALAPA,Churubusco Country Club
IZTAPALAPA,Citlalli
IZTAPALAPA,Colonial Iztapalapa
IZTAPALAPA,Consejo Agrarista Mexicano
IZTAPALAPA,Constitucion De 1917
IZTAPALAPA,Coop Allapetlalli
IZTAPALAPA,Cuchilla Del Moral
IZTAPALAPA,Culhuacan Ctm Canal Nacional
IZTAPALAPA,Culhuacan Ctm Seccion V
IZTAPALAPA,Culhuacan Ctm Seccion Viii
IZTAPALAPA,Degollado
IZTAPALAPA,Degollado-Mexicatlalli
IZTAPALAPA,Del Carmen
IZTAPALAPA,Del Mar
IZTAPALAPA,Desarrollo Urbano Quetzalcoatl
IZTAPALAPA,Dr Alfonso Ortiz Tirado
IZTAPALAPA,Ejercito De Agua Prieta
IZTAPALAPA,Ejercito De Oriente
IZTAPALAPA,Ejercito De Oriente Zona Peñon
IZTAPALAPA,El Eden
IZTAPALAPA,El Manto
IZTAPALAPA,El Mirador
IZTAPALAPA,El Molino
IZTAPALAPA,El Molino Tezonco
IZTAPALAPA,El Paraiso
IZTAPALAPA,El Prado
IZTAPALAPA,El Retoño
IZTAPALAPA,El Rodeo
IZTAPALAPA,El Rosario
IZTAPALAPA,El Santuario
IZTAPALAPA,El Sifon
IZTAPALAPA,El Sifón
IZTAPALAPA,El Triangulo
IZTAPALAPA,El Triunfo
IZTAPALAPA,El Vergel
IZTAPALAPA,Emiliano Zapata
IZTAPALAPA,Ermita
IZTAPALAPA,Ermita Zaragoza
IZTAPALAPA,Escuadron 201
IZTAPALAPA,Estado De Veracruz
IZTAPALAPA,Estrella Culhuacan
IZTAPALAPA,Estrella Del Sur
IZTAPALAPA,Eva Samano De Lopez Mateos
IZTAPALAPA,Francisco Villa
IZTAPALAPA,Fuego Nuevo
IZTAPALAPA,Gabriel Ramos Millan Seccion Cuchilla
IZTAPALAPA,Granjas Cabrera
IZTAPALAPA,Granjas De San Antonio
IZTAPALAPA,Granjas Esmeralda
IZTAPALAPA,Granjas Estrella
IZTAPALAPA,Guadalupe
IZTAPALAPA,Guadalupe Del Moral
IZTAPALAPA,Heroes De Churubusco
IZTAPALAPA,Infonavit Iztacalco
IZTAPALAPA,Insurgentes
IZTAPALAPA,Ixtlahuacan
IZTAPALAPA,Iztlahuacán
IZTAPALAPA,Jacarandas
IZTAPALAPA,Jardines De Churubusco
IZTAPALAPA,Jardines De San Lorenzo Tezonco
IZTAPALAPA,Jose Lopez Portillo
IZTAPALAPA,José López Portillo
IZTAPALAPA,Jose Maria Morelos Y Pavon
IZTAPALAPA,Juan Escutia
IZTAPALAPA,Justo Sierra
IZTAPALAPA,La Colmena
IZTAPALAPA,La Era
IZTAPALAPA,La Esperanza
IZTAPALAPA,La Estacion
IZTAPALAPA,La Planta
IZTAPALAPA,La Regadera
IZTAPALAPA,Las Arboledas
IZTAPALAPA,Las Peñas
IZTAPALAPA,La Valenciana
IZTAPALAPA,Leyes De Reforma 1a Seccion
IZTAPALAPA,Leyes De Reforma 2a Seccion
IZTAPALAPA,Leyes De Reforma 3a Seccion
IZTAPALAPA,Lomas De La Estancia
IZTAPALAPA,Lomas De San Lorenzo
IZTAPALAPA,Lomas De Sta Cruz
IZTAPALAPA,Lomas De Zaragoza
IZTAPALAPA,Lomas El Manto
IZTAPALAPA,Lomas Estrella
IZTAPALAPA,Lomas Estrella 2a Seccion
IZTAPALAPA,Los Angeles
IZTAPALAPA,Los Ángeles
IZTAPALAPA,Los Angeles Apanoaya
IZTAPALAPA,Los Cipreses
IZTAPALAPA,Los Olivos
IZTAPALAPA,Los Picos
IZTAPALAPA,Los Reyes Culhuacán
IZTAPALAPA,Miguel De La Madrid Hurtado
IZTAPALAPA,Militar Marte
IZTAPALAPA,Minerva
IZTAPALAPA,Miravalle
IZTAPALAPA,Miravalles
IZTAPALAPA,Mixcoatl
IZTAPALAPA,Monte Alban
IZTAPALAPA,Nueva Rosita
IZTAPALAPA,Palmitas
IZTAPALAPA,Paraje San Juan
IZTAPALAPA,Paraje San Juan Cerro
IZTAPALAPA,Paraje Zacatepec
IZTAPALAPA,Parque Nacional Cerro De La Estrella
IZTAPALAPA,Paseos De Churubusco
IZTAPALAPA,Paseos De Taxqueña
IZTAPALAPA,Plan De Iguala
IZTAPALAPA,Polvorilla
IZTAPALAPA,Portales Oriente
IZTAPALAPA,Prado Churubusco
IZTAPALAPA,Predio El Molino
IZTAPALAPA,Presidentes De Mexico
IZTAPALAPA,Progresista
IZTAPALAPA,Progreso Del Sur
IZTAPALAPA,Pueblo Aculco
IZTAPALAPA,Pueblo Culhuacan
IZTAPALAPA,Pueblo Los Reyes Culhuacan
IZTAPALAPA,Pueblo Magdalena Atlazolpa
IZTAPALAPA,Pueblo Mexicaltzingo
IZTAPALAPA,Pueblo San Andres Tomatlan
IZTAPALAPA,Pueblo San Juanico Nextipac
IZTAPALAPA,Pueblo San Lorenzo Tezonco
IZTAPALAPA,Pueblo San Lorenzo Xicotencatl
IZTAPALAPA,Pueblo San Sebastian Tecoloxtitla
IZTAPALAPA,Pueblo Santa Maria Aztahuacan
IZTAPALAPA,Pueblo Santa Maria Tomatlan
IZTAPALAPA,Pueblo Santa Martha Acatitla
IZTAPALAPA,Pueblo Santiago Acahualtepec
IZTAPALAPA,Pueblo Sta Cruz Meyehualco
IZTAPALAPA,Puente Blanco
IZTAPALAPA,Purisima Atlazolpa
IZTAPALAPA,Real Del Moral
IZTAPALAPA,Reforma Iztaccihuatl Sur
IZTAPALAPA,Reforma Politica
IZTAPALAPA,Renovacion
IZTAPALAPA,Ricardo Flores Magon
IZTAPALAPA,San Andres Tetepilco
IZTAPALAPA,San Andrés Tetepilco
IZTAPALAPA,San Antonio Culhuacan
IZTAPALAPA,San Francisco Culhuacan Barrio De La Magdalena
IZTAPALAPA,San Francisco Culhuacan Barrio De San Francisco
IZTAPALAPA,San Jose Aculco
IZTAPALAPA,San Jose Buenavista
IZTAPALAPA,San José Buenavista
IZTAPALAPA,San Juan Estrella
IZTAPALAPA,San Juan Joya
IZTAPALAPA,San Juan Xalpa
IZTAPALAPA,San Lorenzo
IZTAPALAPA,San Lorenzo Xicotencatl
IZTAPALAPA,San Miguel 8va Ampliacion
IZTAPALAPA,San Miguel Teotongo
IZTAPALAPA,San Miguel Teotongo Secc Acorralado
IZTAPALAPA,San Miguel Teotongo Secc Avisadero
IZTAPALAPA,San Miguel Teotongo Secc Capilla
IZTAPALAPA,San Miguel Teotongo Secc Corrales
IZTAPALAPA,San Miguel Teotongo Secc Guadalupe
IZTAPALAPA,San Miguel Teotongo Seccion Iztlahuaca
IZTAPALAPA,San Miguel Teotongo Secc Jardines
IZTAPALAPA,San Miguel Teotongo (Secc La Cruz)
IZTAPALAPA,San Miguel Teotongo (Secc Las Torres)
IZTAPALAPA,San Miguel Teotongo Secc Loma Alta
IZTAPALAPA,San Miguel Teotongo Secc Mercedes
IZTAPALAPA,San Miguel Teotongo Secc Palmitas
IZTAPALAPA,San Miguel Teotongo Secc Puente
IZTAPALAPA,San Miguel Teotongo Secc Ranchito
IZTAPALAPA,San Miguel Teotongo Secc Rancho Bajo
IZTAPALAPA,San Nicolas Tolentino
IZTAPALAPA,San Pablo
IZTAPALAPA,Santa Isabel Industrial
IZTAPALAPA,Santa Maria Aztahuacan
IZTAPALAPA,Santa Maria Del Monte
IZTAPALAPA,Santa Martha Acatitla Norte
IZTAPALAPA,Santa Martha Acatitla Sur
IZTAPALAPA,Santiago Acahualtepec 1a Ampliaciën
IZTAPALAPA,Santiago Acahualtepec 2a Ampliacion
IZTAPALAPA,Sector Popular
IZTAPALAPA,Sideral
IZTAPALAPA,Sinatel
IZTAPALAPA,Siracusa 240
IZTAPALAPA,Solidaridad
IZTAPALAPA,Tenorios
IZTAPALAPA,Tepalcates
IZTAPALAPA,Triangulo De Las Agujas
IZTAPALAPA,Unidad Ejercito Constitucionalista
IZTAPALAPA,Unidad Modelo
IZTAPALAPA,Unidad Santa Cruz Meyehualco
IZTAPALAPA,Unidad Vicente Guerrero
IZTAPALAPA,Uscovi
IZTAPALAPA,Valle Del Sur
IZTAPALAPA,Valle De Luces
IZTAPALAPA,Valle De San Lorenzo
IZTAPALAPA,Xalpa
IZTAPALAPA,Zacahuitzco
LA MAGDALENA CONTRERAS,Ampliacion Lomas De San Bernabe
LA MAGDALENA CONTRERAS,Ampliación Lomas De San Bernabé
LA MAGDALENA CONTRERAS,Ampliacion Potrerillo
LA MAGDALENA CONTRERAS,Atacaxco
LA MAGDALENA CONTRERAS,Barranca Seca
LA MAGDALENA CONTRERAS,Barrio Las Calles
LA MAGDALENA CONTRERAS,Barrio San Francisco
LA MAGDALENA CONTRERAS,Barros Sierra
LA MAGDALENA CONTRERAS,Bosques Del Pedregal
LA MAGDALENA CONTRERAS,Cerro Del Judio - Av
LA MAGDALENA CONTRERAS,Chichicaspatl
LA MAGDALENA CONTRERAS,Crescencio Juarez Chavira
LA MAGDALENA CONTRERAS,Cuauhtemoc
LA MAGDALENA CONTRERAS,El Ermitaño
LA MAGDALENA CONTRERAS,El Gavillero
LA MAGDALENA CONTRERAS,El Maestro
LA MAGDALENA CONTRERAS,El Ocotal
LA MAGDALENA CONTRERAS,El Rosal
LA MAGDALENA CONTRERAS,El Tanque
LA MAGDALENA CONTRERAS,El Toro
LA MAGDALENA CONTRERAS,Fuentes Del Pedregal
LA MAGDALENA CONTRERAS,Heroes De Padierna
LA MAGDALENA CONTRERAS,Huayatla
LA MAGDALENA CONTRERAS,Ixtlahualtongo
LA MAGDALENA CONTRERAS,Jardines Del Pedregal
LA MAGDALENA CONTRERAS,La Carbonera
LA MAGDALENA CONTRERAS,La Concepcion
LA MAGDALENA CONTRERAS,La Cruz
LA MAGDALENA CONTRERAS,La Guadalupe
LA MAGDALENA CONTRERAS,La Magdalena
LA MAGDALENA CONTRERAS,La Malinche
LA MAGDALENA CONTRERAS,Las Cruces
LA MAGDALENA CONTRERAS,Las Huertas
LA MAGDALENA CONTRERAS,Lomas De Chamontoya
LA MAGDALENA CONTRERAS,Lomas De La Era
LA MAGDALENA CONTRERAS,Lomas De Los Cedros
LA MAGDALENA CONTRERAS,Lomas De San Bernabe
LA MAGDALENA CONTRERAS,Lomas Quebradas
LA MAGDALENA CONTRERAS,Los Padres
LA MAGDALENA CONTRERAS,Miguel Hidalgo
LA MAGDALENA CONTRERAS,Olivar De Los Padres
LA MAGDALENA CONTRERAS,Palmas
LA MAGDALENA CONTRERAS,Pedregal De San Nicolas 1a Seccion
LA MAGDALENA CONTRERAS,Pedregal De San Nicolas 2a Seccion
LA MAGDALENA CONTRERAS,Pedregal De San Nicolas 3a Seccion
LA MAGDALENA CONTRERAS,Plazuela Del Pedregal
LA MAGDALENA CONTRERAS,Potrerillo
LA MAGDALENA CONTRERAS,Progreso Tizapan
LA MAGDALENA CONTRERAS,Pueblo La Magdalena
LA MAGDALENA CONTRERAS,Pueblo Nuevo Alto
LA MAGDALENA CONTRERAS,Pueblo Nuevo Bajo
LA MAGDALENA CONTRERAS,Pueblo San Bernabe Ocotepec
LA MAGDALENA CONTRERAS,Pueblo San Nicolas Totolapan
LA MAGDALENA CONTRERAS,Pueblo Tizapan
LA MAGDALENA CONTRERAS,Rincon Del Pedregal
LA MAGDALENA CONTRERAS,San Bartolo Ameyalco
LA MAGDALENA CONTRERAS,San Francisco
LA MAGDALENA CONTRERAS,San Jeronimo Aculco
LA MAGDALENA CONTRERAS,San Jeronimo Lidice
LA MAGDALENA CONTRERAS,San Jerónimo Lídice
LA MAGDALENA CONTRERAS,San Nicolás Totolapan
LA MAGDALENA CONTRERAS,Santa Teresa
LA MAGDALENA CONTRERAS,Tierra Colorada
LA MAGDALENA CONTRERAS,Tierra Unida
LA MAGDALENA CONTRERAS,Torres De Potrero
LA MAGDALENA CONTRERAS,Vista Hermosa
MIGUEL HIDALGO,10 De Abril
MIGUEL HIDALGO,16 De Septiembre
MIGUEL HIDALGO,5 De Mayo
MIGUEL HIDALGO,8 De Agosto
MIGUEL HIDALGO,Agricultura
MIGUEL HIDALGO,Ahuehuetes Anahuac
MIGUEL HIDALGO,America
MIGUEL HIDALGO,Ampliacion Daniel Garza
MIGUEL HIDALGO,Ampliacion Granada
MIGUEL HIDALGO,Ampliacion Popo
MIGUEL HIDALGO,Ampliacion Torre Blanca
MIGUEL HIDALGO,Anahuac Ii Seccion
MIGUEL HIDALGO,Anahuac I Seccion
MIGUEL HIDALGO,Angel Zimbron
MIGUEL HIDALGO,Anzures
MIGUEL HIDALGO,Argentina Antigua
MIGUEL HIDALGO,Argentina Poniente
MIGUEL HIDALGO,Barrio Santa Apolonia
MIGUEL HIDALGO,Belem De Las Flores
MIGUEL HIDALGO,Bellavista
MIGUEL HIDALGO,Bosque De Chapultepec Iii Seccion
MIGUEL HIDALGO,Bosque De Chapultepec Ii Seccion
MIGUEL HIDALGO,Bosque De Chapultepec I Seccion
MIGUEL HIDALGO,Bosque De Las Lomas
MIGUEL HIDALGO,Bosques De Las Lomas
MIGUEL HIDALGO,Claveria
MIGUEL HIDALGO,Condesa
MIGUEL HIDALGO,Cooperativa Palo Alto
MIGUEL HIDALGO,Cove
MIGUEL HIDALGO,Cuauhtemoc
MIGUEL HIDALGO,Cuauhtemoc Pensil
MIGUEL HIDALGO,Daniel Garza
MIGUEL HIDALGO,Deportivo Pensil
MIGUEL HIDALGO,Dos Lagos
MIGUEL HIDALGO,Escandon Ii Seccion
MIGUEL HIDALGO,Escandon I Seccion
MIGUEL HIDALGO,Escandón I Sección
MIGUEL HIDALGO,Francisco I Madero
MIGUEL HIDALGO,Granada
MIGUEL HIDALGO,Hidalgo
MIGUEL HIDALGO,Hipodromo
MIGUEL HIDALGO,Hipodromo Condesa
MIGUEL HIDALGO,Huichapan
MIGUEL HIDALGO,Ignacio Manuel Altamirano
MIGUEL HIDALGO,Irrigacion
MIGUEL HIDALGO,Jose Maria Pino Suarez
MIGUEL HIDALGO,Juarez
MIGUEL HIDALGO,Lago Norte
MIGUEL HIDALGO,Lago Sur
MIGUEL HIDALGO,Las Americas
MIGUEL HIDALGO,Legaria
MIGUEL HIDALGO,Loma Hermosa
MIGUEL HIDALGO,Lomas Altas
MIGUEL HIDALGO,Lomas De Bezares
MIGUEL HIDALGO,Lomas De Chapultepec Iii Seccion
MIGUEL HIDALGO,Lomas De Chapultepec Ii Seccion
MIGUEL HIDALGO,Lomas De Chapultepec I Seccion
MIGUEL HIDALGO,Lomas De Chapultepec I Sección
MIGUEL HIDALGO,Lomas De Chapultepec Iv Seccion
MIGUEL HIDALGO,Lomas De Chapultepec Viii Seccion
MIGUEL HIDALGO,Lomas De Chapultepec Vii Seccion
MIGUEL HIDALGO,Lomas De Chapultepec Vi Seccion
MIGUEL HIDALGO,Lomas De Chapultepec V Seccion
MIGUEL HIDALGO,Lomas De Reforma
MIGUEL HIDALGO,Lomas De Santa Fe
MIGUEL HIDALGO,Lomas De Sotelo
MIGUEL HIDALGO,Lomas De Sotelo I
MIGUEL HIDALGO,Los Manzanos
MIGUEL HIDALGO,Manuel Avila Camacho
MIGUEL HIDALGO,Mariano Escobedo
MIGUEL HIDALGO,Mexico Nuevo
MIGUEL HIDALGO,Militar 1 K Lomas De Sotelo
MIGUEL HIDALGO,Modelo Pensil
MIGUEL HIDALGO,Molino Del Rey
MIGUEL HIDALGO,Napoles
MIGUEL HIDALGO,Nextitla
MIGUEL HIDALGO,Nueva Santa Maria
MIGUEL HIDALGO,Observatorio
MIGUEL HIDALGO,Panteon Civil De Dolores
MIGUEL HIDALGO,Panteon Frances
MIGUEL HIDALGO,Pensil Norte
MIGUEL HIDALGO,Pensil Sur
MIGUEL HIDALGO,Peralitos
MIGUEL HIDALGO,Periodista
MIGUEL HIDALGO,Plenitud
MIGUEL HIDALGO,Plutarco Elias Calles
MIGUEL HIDALGO,Polanco Iii Seccion
MIGUEL HIDALGO,Polanco Ii Seccion
MIGUEL HIDALGO,Polanco I Seccion
MIGUEL HIDALGO,Polanco Iv Seccion
MIGUEL HIDALGO,Polanco V Seccion
MIGUEL HIDALGO,Popo
MIGUEL HIDALGO,Popotla
MIGUEL HIDALGO,Pueblo San Miguel Amantla
MIGUEL HIDALGO,Pueblo Santa Fe
MIGUEL HIDALGO,Real De Las Lomas
MIGUEL HIDALGO,Reforma Pensil
MIGUEL HIDALGO,Reforma Social
MIGUEL HIDALGO,Residencial Militar
MIGUEL HIDALGO,San Alvaro
MIGUEL HIDALGO,San Diego Ocoyoacac
MIGUEL HIDALGO,San Gabriel
MIGUEL HIDALGO,San Joaquin
MIGUEL HIDALGO,San Joaquín
MIGUEL HIDALGO,San Juanico
MIGUEL HIDALGO,San Lorenzo Tlaltenango
MIGUEL HIDALGO,San Lorenzo Tlatenango
MIGUEL HIDALGO,San Miguel Chapultepec Ii Seccion
MIGUEL HIDALGO,San Miguel Chapultepec I Seccion
MIGUEL HIDALGO,San Pedro De Los Pinos
MIGUEL HIDALGO,San Rafael
MIGUEL HIDALGO,San Salvador Xochimanca
MIGUEL HIDALGO,Santa Maria La Ribera
MIGUEL HIDALGO,Santo Tomas
MIGUEL HIDALGO,Tacuba
MIGUEL HIDALGO,Tacubaya
MIGUEL HIDALGO,Tlatilco
MIGUEL HIDALGO,Tlaxpana
MIGUEL HIDALGO,Torre Blanca
MIGUEL HIDALGO,Un Hogar Para Nosotros
MIGUEL HIDALGO,Ventura Perez De Alva
MIGUEL HIDALGO,Veronica Anzures
MILPA ALTA,Barrio Centro
MILPA ALTA,Barrio Chalmita
MILPA ALTA,Barrio Cruztitla
MILPA ALTA,Barrio La Concepcion
MILPA ALTA,Barrio La Lupita Teticpac
MILPA ALTA,Barrio La Lupita Xolco
MILPA ALTA,Barrio La Luz
MILPA ALTA,Barrio Los Angeles
MILPA ALTA,Barrio Nochtla
MILPA ALTA,Barrio Ocotitla
MILPA ALTA,Barrio Panchimalco
MILPA ALTA,Barrio San Agustin
MILPA ALTA,Barrio San Jose
MILPA ALTA,Barrio San Juan
MILPA ALTA,Barrio San Marcos
MILPA ALTA,Barrio San Mateo
MILPA ALTA,Barrio San Miguel
MILPA ALTA,Barrio San Miguel Pueblo Santa Ana Tlacotenco
MILPA ALTA,Barrio Santa Cruz
MILPA ALTA,Barrio Santa Martha
MILPA ALTA,Barrio Tecaxtitla
MILPA ALTA,Barrio Tenantitla
MILPA ALTA,Barrio Tula
MILPA ALTA,Barrio Xaltipac
MILPA ALTA,Barrio Xochitepetl
MILPA ALTA,Cruztitla (San Antonio Tecomitl)
MILPA ALTA,Emiliano Zapata 1a Seccion
MILPA ALTA,Emiliano Zapata 2a Seccion
MILPA ALTA,Jaime Torres Bodet
MILPA ALTA,La Concepción (Villa Milpa Alta)
MILPA ALTA,La Conchita
MILPA ALTA,La Guadalupita
MILPA ALTA,La Luz (Villa Milpa Alta)
MILPA ALTA,Los Ángeles (Villa Milpa Alta)
MILPA ALTA,Malvinas Primero
MILPA ALTA,Malvinas Segundo
MILPA ALTA,Nochtla (San Pedro Atocpan)
MILPA ALTA,Noxcalco
MILPA ALTA,Ocotitla (San Pedro Atocpan)
MILPA ALTA,Panchimalco (San Pedro Atocpan)
MILPA ALTA,Potrero Del Llano
MILPA ALTA,Pueblo San Agustin Ohtenco
MILPA ALTA,Pueblo San Antonio Tecomitl Barrio Xochitepec
MILPA ALTA,Pueblo San Antonio Tecomitl (Las Arboledas)
MILPA ALTA,Pueblo San Antonio Tecomitl (Las Joyas)
MILPA ALTA,Pueblo San Bartolome Xicomulco
MILPA ALTA,Pueblo San Francisco Tecoxpa
MILPA ALTA,Pueblo San Jeronimo Miacatlan
MILPA ALTA,Pueblo San Juan Tepenahuac
MILPA ALTA,Pueblo San Lorenzo Tlacoyucan
MILPA ALTA,Pueblo San Nicolas Tetelco
MILPA ALTA,Pueblo San Salvador Cuauhtenco
MILPA ALTA,San Agustin (Villa Milpa Alta)
MILPA ALTA,San Bartolomé Xicomulco
MILPA ALTA,San Francisco Tecoxpa
MILPA ALTA,San Isidro Cuatepec
MILPA ALTA,San Jerónimo Miacatlán
MILPA ALTA,San José (Santa Ana Tlacotenco)
MILPA ALTA,San Juan (San Pablo Oztotepec)
MILPA ALTA,San Juan Tepenahuac
MILPA ALTA,San Juan Tepenahuac I
MILPA ALTA,San Juan Tepenahuac Ii
MILPA ALTA,San Lorenzo Tlacoyucan
MILPA ALTA,San Marcos (Santa Ana Tlacotenco)
MILPA ALTA,San Mateo (Villa Milpa Alta)
MILPA ALTA,San Miguel (San Pablo Oztotepec)
MILPA ALTA,San Miguel (Santa Ana Tlacotenco)
MILPA ALTA,San Nicolás Tetelco
MILPA ALTA,San Salvador Cuauhtenco Seccion I
MILPA ALTA,San Salvador Cuauhtenco Seccion Ii
MILPA ALTA,San Salvador Cuauhtenco Seccion Iii
MILPA ALTA,San Salvador Cuauhtenco Seccion Iv
MILPA ALTA,Santa  Cecilia Tepetlapa
MILPA ALTA,Santa Cecilia Tepetlapa
MILPA ALTA,Santa Cruz (Villa Milpa Alta)
MILPA ALTA,Santa Martha (Villa Milpa Alta)
MILPA ALTA,Tecaxtitla (San Antonio Tecomitl)
MILPA ALTA,Tecoloxtitla
MILPA ALTA,Tenantitla (San Antonio Tecomitl)
MILPA ALTA,Tula (San Pedro Atocpan)
MILPA ALTA,Villa Milpa Alta Centro
MILPA ALTA,Xaltipac (San Antonio Tecomitl)
TLAHUAC,3 De Mayo
TLAHUAC,Agricola Metropolitana
TLAHUAC,Ampliacion Jose Lopez Portillo
TLAHUAC,Ampliacion La Conchita
TLAHUAC,Ampliación La Conchita
TLAHUAC,Ampliacion Los Olivos
TLAHUAC,Ampliacion Santa Catarina
TLAHUAC,Ampliación Santa Catarina
TLAHUAC,Ampliacion Selene
TLAHUAC,Ampliacion  Zapotitla
TLAHUAC,Barrio Calyequita
TLAHUAC,Barrio Guadalupe Sta Catarina Yec
TLAHUAC,Barrio La Asuncion
TLAHUAC,Barrio La Concepcion Pueblo San Juan Ixtayopan
TLAHUAC,Barrio La Guadalupe
TLAHUAC,Barrio La Guadalupe Pueblo San Pedro Tlahuac
TLAHUAC,Barrio La Magdalena
TLAHUAC,Barrio La Soledad Del Pueblo  San Juan Ixtayopan
TLAHUAC,Barrio Los Reyes
TLAHUAC,Barrio San Agustin
TLAHUAC,Barrio San Agustin Pueblo San Juan Ixtayopan
TLAHUAC,Barrio San Andres
TLAHUAC,Barrio San Bartolome
TLAHUAC,Barrio San Juan
TLAHUAC,Barrio San Mateo
TLAHUAC,Barrio San Miguel
TLAHUAC,Barrio San Miguel Pueblo San Pedro Tlahuac
TLAHUAC,Barrio San Sebastián
TLAHUAC,Barrio Santa Ana
TLAHUAC,Barrio Santa Ana Centro
TLAHUAC,Barrio Santa Ana Norte
TLAHUAC,Barrio Santa Ana Poniente
TLAHUAC,Barrio Santa Ana Sur
TLAHUAC,Barrio Santa Cruz
TLAHUAC,Barrio Santiago
TLAHUAC,Barrio Santiago Centro Del Pueblo Santiago Zapotitlan
TLAHUAC,Barrio Santiago Norte Del Pueblo Santiago Zapotitlan
TLAHUAC,Barrio Santiago Sur
TLAHUAC,Barrio Tecaxtitla
TLAHUAC,Barrio Xaltipac
TLAHUAC,Campestre Potrero
TLAHUAC,Celoalliotli
TLAHUAC,Cerrillos Segunda Seccion
TLAHUAC,Chichilaula
TLAHUAC,Conchita A
TLAHUAC,Conchita B
TLAHUAC,Coop Allapetlalli
TLAHUAC,Degollado-Mexicatlalli
TLAHUAC,Del Mar
TLAHUAC,El Mirador - Santa Catarina
TLAHUAC,El Rosario
TLAHUAC,El Triangulo
TLAHUAC,El Triangulo Del Pblo. De Sn. Fco. Tlaltenco
TLAHUAC,Emiliano Zapata
TLAHUAC,Emiliano Zapata 1a Seccion
TLAHUAC,Emiliano Zapata 2a Seccion
TLAHUAC,Francisco Villa
TLAHUAC,Granjas Cabrera
TLAHUAC,Guadalupe Tlaltenco
TLAHUAC,Jaime Torres Bodet
TLAHUAC,Jardines Del Llano
TLAHUAC,La Asuncion
TLAHUAC,La Asuncion - Barrio
TLAHUAC,La Asuncion I
TLAHUAC,La Cienega
TLAHUAC,La Concepcion
TLAHUAC,La Conchita
TLAHUAC,La Conchita Zapotitlan
TLAHUAC,La Conchita Zapotitlán
TLAHUAC,La Draga
TLAHUAC,La Estacion
TLAHUAC,La Estación
TLAHUAC,La Guadalupe
TLAHUAC,La Habana
TLAHUAC,La Loma
TLAHUAC,La Lupita
TLAHUAC,La Meza
TLAHUAC,La Nopalera
TLAHUAC,La Planta
TLAHUAC,Las Arboledas
TLAHUAC,Las Mesitas
TLAHUAC,La Soledad
TLAHUAC,Las Puertas - Barrio
TLAHUAC,La Turba
TLAHUAC,Lopez Portillo Del Pueblo San Francisco Tlaltenco
TLAHUAC,Los Olivos
TLAHUAC,Los Reyes
TLAHUAC,Los Reyes (Del Pueblo De San Andrés Mixquic)
TLAHUAC,Miguel Hidalgo
TLAHUAC,Nativitas
TLAHUAC,Nueva Tenochtitlán
TLAHUAC,Ojo De Agua
TLAHUAC,Paraiso Santa Catarina
TLAHUAC,Peña Alta
TLAHUAC,Polvorilla
TLAHUAC,Potrero Del Llano
TLAHUAC,Pueblo San Francisco Tlaltenco
TLAHUAC,Pueblo San Lorenzo Tezonco
TLAHUAC,Pueblo San Nicolas Tetelco
TLAHUAC,Pueblo Santa Catarina Yecahuizotl
TLAHUAC,Pueblo Tulyehualco
TLAHUAC,Quiahuatla
TLAHUAC,San Agustin
TLAHUAC,San Andrés
TLAHUAC,San Bartolomé (Del Pueblo De San Andrés Mixquic)
TLAHUAC,San Francisco Tlaltenco
TLAHUAC,San Gregorio Atlapulco
TLAHUAC,San Ignacio De Loyola
TLAHUAC,San Isidro
TLAHUAC,San Isidro Tulyehualco
TLAHUAC,San José
TLAHUAC,San Jose Tlahuac Del Pueblo San Pedro Tlahuac
TLAHUAC,San Juan
TLAHUAC,San Miguel
TLAHUAC,San Miguel (Del Pueblo De San Andrés Mixquic)
TLAHUAC,San Miguel Zapotitla
TLAHUAC,San Nicolás Tetelco
TLAHUAC,San Sebastian Del Pueblo San Pedro Tlahuac
TLAHUAC,Santa Ana
TLAHUAC,Santa Ana Sur
TLAHUAC,Santa Cecilia
TLAHUAC,Santa Cruz (Del Pueblo De San Andrés Mixquic)
TLAHUAC,Santa Maria De Los Olivos - Barrio
TLAHUAC,Santiago
TLAHUAC,Santiago Norte
TLAHUAC,Santiago Sur
TLAHUAC,Selene
TLAHUAC,Selene 1a. Seccion
TLAHUAC,Selene 2a. Seccion
TLAHUAC,Selene Del Pueblo San Francisco Tlaltenco
TLAHUAC,Tempiluli
TLAHUAC,Teozoma
TLAHUAC,Tepantitlamilco
TLAHUAC,Tierra Blanca
TLAHUAC,Villa Centroamericana
TLAHUAC,Villa Centro Americana
TLAHUAC,Zacatenco
TLAHUAC,Zapotitla
TLAHUAC,Zona De Reserva Ecologica
TLALPAN,2 De Octubre
TLALPAN,Ampliacion Fuentes Del Pedregal
TLALPAN,Ampliacion Isidro Fabela
TLALPAN,A M S A
TLALPAN,Arboledas  Del Sur
TLALPAN,Arenal De Guadalupe
TLALPAN,Arenal Tepepan
TLALPAN,Barrio De Caramaguey
TLALPAN,Barrio Del Niño Jesus
TLALPAN,Barrio El Capulin
TLALPAN,Barrio El Truenito
TLALPAN,Barrio La Fama
TLALPAN,Barrio La Lonja
TLALPAN,Barrio Las Calles
TLALPAN,Barrio San Fernando
TLALPAN,Belisario Dominguez
TLALPAN,Belisario Dominguez Seccion Xvi
TLALPAN,Belvedere Ajusco
TLALPAN,Bosque Residencial Del Sur
TLALPAN,Bosques Del Pedregal
TLALPAN,Bosques De Tepeximilpa
TLALPAN,Bosques De Tetlameya
TLALPAN,Cantera Puente De Piedra
TLALPAN,Cantil Del Pedregal
TLALPAN,Chichicaspatl
TLALPAN,Chimalli
TLALPAN,Chimilli
TLALPAN,Club De Golf Mexico
TLALPAN,Colinas Del Ajusco
TLALPAN,Colinas Del Bosque
TLALPAN,Comuneros De Santa Ursula
TLALPAN,Cruz Del Farol
TLALPAN,Cuchilla De Padierna
TLALPAN,Cuchilla Tepeximilpa
TLALPAN,Cultura Maya
TLALPAN,Cumbres De Tepetongo
TLALPAN,Diamante
TLALPAN,Divisadero
TLALPAN,Dolores Tlali
TLALPAN,Dr. Ignacio Chávez Infonavit
TLALPAN,Ejidos De San Pedro Martir
TLALPAN,El Cantil
TLALPAN,El Charco
TLALPAN,El Fresno
TLALPAN,El Mirador
TLALPAN,El Mirador 1a Seccion
TLALPAN,El Mirador 1a Sección
TLALPAN,El Mirador 2a Seccion
TLALPAN,El Mirador 2a Sección
TLALPAN,El Mirador 3a Seccion
TLALPAN,El Mirador 3a Sección
TLALPAN,Ex Ejido De  Santa Ursula Coapa
TLALPAN,Ex Hacienda Coapa
TLALPAN,Ex Hacienda San Juan De Dios
TLALPAN,Floresta Coyoacan
TLALPAN,Fovissste Periférico
TLALPAN,Fuentes Brotantes
TLALPAN,Fuentes Del Pedregal
TLALPAN,Fuentes De Tepepan
TLALPAN,Granjas Coapa
TLALPAN,Guadalupe
TLALPAN,Hacienda San Juan
TLALPAN,Haciendas De Coyoacan
TLALPAN,Heroes De 1910
TLALPAN,Héroes De 1910
TLALPAN,Heroes De Padierna
TLALPAN,Heroico Colegio Militar
TLALPAN,Insurgentes Cuicuilco
TLALPAN,Isidro Fabela
TLALPAN,Jardines Del Ajusco
TLALPAN,Jardines Del Pedregal
TLALPAN,Jardines Del Pedregal De San Angel
TLALPAN,Jardines En La Montaña
TLALPAN,Juventud Unida
TLALPAN,La Concepcion
TLALPAN,La Guadalupana
TLALPAN,La Guadalupe
TLALPAN,La Joya
TLALPAN,La Magdalena Petlacalco
TLALPAN,La Palma
TLALPAN,La Primavera
TLALPAN,Las Flores
TLALPAN,Las Huertas
TLALPAN,Las Tortolas
TLALPAN,Lomas De Cuilotepec
TLALPAN,Lomas Del Pedregal
TLALPAN,Lomas Del Pedregal Framboyanes
TLALPAN,Lomas De Padierna
TLALPAN,Lomas De Padierna Sur
TLALPAN,Lomas De Tepemecatl
TLALPAN,Lomas Hidalgo
TLALPAN,Los Arcos
TLALPAN,Los Cipreses
TLALPAN,Los Encinos
TLALPAN,Los Girasoles
TLALPAN,Los Sauces
TLALPAN,Los Volcanes
TLALPAN,Magisterial
TLALPAN,Magisterial Coapa
TLALPAN,Maria Esther Zuno De Echeverria
TLALPAN,María Esther Zuno De Echeverría
TLALPAN,Mesa De Los Hornos
TLALPAN,Miguel Hidalgo
TLALPAN,Miguel Hidalgo 1a Seccion
TLALPAN,Miguel Hidalgo 2a Seccion
TLALPAN,Miguel Hidalgo 2a Sección
TLALPAN,Miguel Hidalgo 3a Seccion
TLALPAN,Miguel Hidalgo 3a Sección
TLALPAN,Miguel Hidalgo 4a Seccion
TLALPAN,Miguel Hidalgo 4a Sección
TLALPAN,Mirador Del Valle
TLALPAN,Mirador I
TLALPAN,Mirador Ii
TLALPAN,Movimiento Organizado De Tlalpan
TLALPAN,Narciso Mendoza
TLALPAN,Nueva Oriental Coapa
TLALPAN,Nuevo Renacimiento De Axalco
TLALPAN,Ocotla - Ocotla Chico
TLALPAN,Olimpica
TLALPAN,Otra
TLALPAN,Paraje 38
TLALPAN,Paraje Tetenco
TLALPAN,Parque Del Pedregal
TLALPAN,Parque Nacional Bosque Del Pedregal
TLALPAN,Parres El Guarda
TLALPAN,Pedregal De Aminco
TLALPAN,Pedregal De Carrasco
TLALPAN,Pedregal De Las Aguilas
TLALPAN,Pedregal De San Nicolas 1a Seccion
TLALPAN,Pedregal De San Nicolas 2a Seccion
TLALPAN,Pedregal De San Nicolas 3a Seccion
TLALPAN,Pedregal De San Nicolás 3a Sección
TLALPAN,Pedregal De San Nicolas 4a Seccion
TLALPAN,Pedregal De San Nicolás 4a Sección
TLALPAN,Pedregal De San Nicolas 5a Seccion
TLALPAN,Pedregal De Santa Ursula Xitla
TLALPAN,Peña Pobre
TLALPAN,Piedra Larga
TLALPAN,Pista Olimpica Virgilio Uribe (Canal De Cuemanco)
TLALPAN,Plan De Ayala
TLALPAN,Plazuela Del Pedregal
TLALPAN,Popular Santa Teresa
TLALPAN,Prado Coapa 1a Seccion
TLALPAN,Prado Coapa 2a Seccion
TLALPAN,Prado Coapa 3a Seccion
TLALPAN,Primavera
TLALPAN,Pueblo Chimalcoyotl
TLALPAN,Pueblo De Santa Ursula Coapa
TLALPAN,Pueblo Jardines De San Juan
TLALPAN,Pueblo La Magdalena Petlacalco
TLALPAN,Pueblo Ocotla
TLALPAN,Pueblo Parres El Guarda
TLALPAN,Pueblo San Andres Totoltepec
TLALPAN,Pueblo San Francisco Tlalnepantla
TLALPAN,Pueblo San Lorenzo Huipulco
TLALPAN,Pueblo San Miguel Ajusco
TLALPAN,Pueblo San Miguel Topilejo
TLALPAN,Pueblo San Miguel Xicalco
TLALPAN,Pueblo San Nicolas Totolapan
TLALPAN,Pueblo San Pedro Martir
TLALPAN,Pueblo Santa Maria Tepepan
TLALPAN,Pueblo Santa Ursula Xitla
TLALPAN,Pueblo Santo Tomas Ajusco
TLALPAN,Rancho Los Colorines
TLALPAN,Residencial Acoxpa
TLALPAN,Residencial Miramontes
TLALPAN,Residencial Villa Coapa
TLALPAN,Rinconada Coapa
TLALPAN,Rinconada Coapa 1a Seccion
TLALPAN,Rinconada Coapa 2a Seccion
TLALPAN,Rinconada El Mirador
TLALPAN,Rinconada Las Hadas
TLALPAN,Rincon Del Pedregal
TLALPAN,Roca De Cristal
TLALPAN,Romulo Sanchez Mireles
TLALPAN,Rosario Tlali
TLALPAN,San Andrés Totoltepec
TLALPAN,San Bartolo El Chico
TLALPAN,San Buenaventura
TLALPAN,San Juan Tepeximilpa
TLALPAN,San Lorenzo La Cebada
TLALPAN,San Miguel Ajusco
TLALPAN,San Miguel Tehuisco
TLALPAN,San Miguel Topilejo
TLALPAN,San Miguel Xicalco
TLALPAN,San Nicolás 2
TLALPAN,San Pedro Apostol
TLALPAN,San Pedro Mártir
TLALPAN,Santa Cecilia
TLALPAN,Santa Cruz
TLALPAN,Santa Teresa
TLALPAN,Santisima Trinidad
TLALPAN,Santísima Trinidad
TLALPAN,Santo Tomas Ajusco
TLALPAN,Solidaridad
TLALPAN,Tecorral
TLALPAN,Tenorios
TLALPAN,Tepetongo
TLALPAN,Tepeximilpa Servimet
TLALPAN,Tequimila
TLALPAN,Texcaltenco
TLALPAN,Tezontitla
TLALPAN,Tlalcoligia
TLALPAN,Tlalmille
TLALPAN,Tlalpan
TLALPAN,Tlalpan Centro
TLALPAN,Tlalpuente
TLALPAN,Tlaxcaltenco La Mesa
TLALPAN,Toriello Guerra
TLALPAN,Torres De Padierna
TLALPAN,U.habit. Zapote 1
TLALPAN,Valle De Tepepan
TLALPAN,Valle Escondido
TLALPAN,Valle Verde
TLALPAN,Verano
TLALPAN,Vergel Coapa
TLALPAN,Vergel De Coyoacan
TLALPAN,Vergel Del Sur
TLALPAN,Viejo Ejido Santa Ursula Coapa
TLALPAN,Villa Coapa
TLALPAN,Villa Cuemanco Infonavit
TLALPAN,Villa Lazaro Cardenas
TLALPAN,Villa Olimpica
TLALPAN,Villa Quietud
TLALPAN,Villa Tlalpan
TLALPAN,Vistas Del Pedregal
TLALPAN,Viveros Coatectlan
TLALPAN,Zacatón
TLALPAN,Zacayucan Peña Pobre
VENUSTIANO CARRANZA,10 De Mayo
VENUSTIANO CARRANZA,1o De Mayo
VENUSTIANO CARRANZA,20 De Noviembre
VENUSTIANO CARRANZA,24 De Abril
VENUSTIANO CARRANZA,4 Arboles
VENUSTIANO CARRANZA,4 Árboles
VENUSTIANO CARRANZA,5to Tramo 20 De Noviembre
VENUSTIANO CARRANZA,7 De Julio
VENUSTIANO CARRANZA,7 De Noviembre
VENUSTIANO CARRANZA,Aaron Saenz
VENUSTIANO CARRANZA,Adolfo Lopez Mateos
VENUSTIANO CARRANZA,Aeronautica Militar
VENUSTIANO CARRANZA,Aeronáutica Militar
VENUSTIANO CARRANZA,Aeropuerto Internacional Benito Juárez
VENUSTIANO CARRANZA,Agricola Oriental
VENUSTIANO CARRANZA,Agricola Pantitlan
VENUSTIANO CARRANZA,Alameda Oriente
VENUSTIANO CARRANZA,Alvaro Obregon
VENUSTIANO CARRANZA,Ampl. Asturias
VENUSTIANO CARRANZA,Ampliacion 20 De Noviembre
VENUSTIANO CARRANZA,Ampliacion Aviacion Civil
VENUSTIANO CARRANZA,Ampliacion Caracol
VENUSTIANO CARRANZA,Ampliacion Michoacana
VENUSTIANO CARRANZA,Ampliacion Penitenciaria
VENUSTIANO CARRANZA,Ampliacion Simon Bolivar
VENUSTIANO CARRANZA,Ampliacion Venustiano Carranza
VENUSTIANO CARRANZA,Aquiles Serdan
VENUSTIANO CARRANZA,Arenal 1a. Seccion
VENUSTIANO CARRANZA,Arenal 2a. Seccion
VENUSTIANO CARRANZA,Arenal 3a. Seccion
VENUSTIANO CARRANZA,Arenal 3a Sección
VENUSTIANO CARRANZA,Arenal 4a. Seccion
VENUSTIANO CARRANZA,Arenal 4a Sección
VENUSTIANO CARRANZA,Arenal Puerto Aereo
VENUSTIANO CARRANZA,Arpto Int De La Cd De Mex-Equipamiento
VENUSTIANO CARRANZA,Artes Graficas
VENUSTIANO CARRANZA,Asturias
VENUSTIANO CARRANZA,Aviacion Civil
VENUSTIANO CARRANZA,Azteca
VENUSTIANO CARRANZA,Caracol
VENUSTIANO CARRANZA,Centro
VENUSTIANO CARRANZA,Cuchilla Agricola Oriental
VENUSTIANO CARRANZA,Cuchilla La Joya
VENUSTIANO CARRANZA,Cuchilla Pantitlan
VENUSTIANO CARRANZA,Damian Carmona
VENUSTIANO CARRANZA,Del Parque
VENUSTIANO CARRANZA,Emiliano Zapata
VENUSTIANO CARRANZA,Emilio Carranza
VENUSTIANO CARRANZA,Escuela De Tiro
VENUSTIANO CARRANZA,Esperanza
VENUSTIANO CARRANZA,Ex Escuela De Tiro
VENUSTIANO CARRANZA,Federal
VENUSTIANO CARRANZA,Felipe Angeles
VENUSTIANO CARRANZA,Felipe Pescador
VENUSTIANO CARRANZA,Fernando Casas Aleman
VENUSTIANO CARRANZA,General Ignacio Zaragoza
VENUSTIANO CARRANZA,Granjas Mexico
VENUSTIANO CARRANZA,Heroes De Cerro Prieto
VENUSTIANO CARRANZA,Industrial Puerto Aereo
VENUSTIANO CARRANZA,Jamaica
VENUSTIANO CARRANZA,Janitzio
VENUSTIANO CARRANZA,Jardin Balbuena
VENUSTIANO CARRANZA,La Cruz
VENUSTIANO CARRANZA,La Joya
VENUSTIANO CARRANZA,La Malinche
VENUSTIANO CARRANZA,Lorenzo Boturini
VENUSTIANO CARRANZA,Magdalena Mixiuhca
VENUSTIANO CARRANZA,Martires De Rio Blanco
VENUSTIANO CARRANZA,Merced Balbuena
VENUSTIANO CARRANZA,Michoacana
VENUSTIANO CARRANZA,Miguel Hidalgo
VENUSTIANO CARRANZA,Moctezuma 1a Seccion
VENUSTIANO CARRANZA,Moctezuma 2a. Seccion
VENUSTIANO CARRANZA,Morelos
VENUSTIANO CARRANZA,Nicolas Bravo
VENUSTIANO CARRANZA,Paulino Navarro
VENUSTIANO CARRANZA,Penitenciaria
VENUSTIANO CARRANZA,Peñon De Los Baños
VENUSTIANO CARRANZA,Pensador Mexicano
VENUSTIANO CARRANZA,Popular Rastro
VENUSTIANO CARRANZA,Progresista
VENUSTIANO CARRANZA,Puebla
VENUSTIANO CARRANZA,Pueblo De La Magdalena Mixiuhca
VENUSTIANO CARRANZA,Revolucion
VENUSTIANO CARRANZA,Romero Rubio
VENUSTIANO CARRANZA,San Juan De Aragon Iii Seccion
VENUSTIANO CARRANZA,San Juan De Aragon Ii Seccion
VENUSTIANO CARRANZA,San Juan De Aragon I Seccion
VENUSTIANO CARRANZA,Santa Anita
VENUSTIANO CARRANZA,Santa Cruz Aviacion
VENUSTIANO CARRANZA,Sevilla
VENUSTIANO CARRANZA,Simon Bolivar
VENUSTIANO CARRANZA,Transito
VENUSTIANO CARRANZA,Tres Mosqueteros
VENUSTIANO CARRANZA,Valentin Gomez Farias
VENUSTIANO CARRANZA,Valentín Gómez Farias
VENUSTIANO CARRANZA,Valle Gomez
VENUSTIANO CARRANZA,Venustiano Carranza
VENUSTIANO CARRANZA,Zona Centro
XOCHIMILCO,Acoca
XOCHIMILCO,Alcanfores
XOCHIMILCO,Altos Tepetlica
XOCHIMILCO,Ampliacion Nativitas
XOCHIMILCO,Ampliacion San Marcos Norte
XOCHIMILCO,Ampliacion Tepepan
XOCHIMILCO,A M S A
XOCHIMILCO,Anahuac
XOCHIMILCO,Año De Juarez
XOCHIMILCO,Arenal Tepepan
XOCHIMILCO,Aztlan Los Apaches
XOCHIMILCO,Barrio 18
XOCHIMILCO,Barrio 3 De Mayo
XOCHIMILCO,Barrio Ahualapa
XOCHIMILCO,Barrio Apatlaco
XOCHIMILCO,Barrio Belen
XOCHIMILCO,Barrio Calpulco
XOCHIMILCO,Barrio Caltongo
XOCHIMILCO,Barrio Calyequita
XOCHIMILCO,Barrio Chapultepec
XOCHIMILCO,Barrio Del Puente
XOCHIMILCO,Barrio El Calvario
XOCHIMILCO,Barrio El Rosario
XOCHIMILCO,Barrio La Asuncion
XOCHIMILCO,Barrio La Asunción
XOCHIMILCO,Barrio La Candelaria
XOCHIMILCO,Barrio La Concepcion Tlacoapa
XOCHIMILCO,Barrio La Concepción Tlacoapa
XOCHIMILCO,Barrio La Gallera
XOCHIMILCO,Barrio La Guadalupana
XOCHIMILCO,Barrio La Guadalupita
XOCHIMILCO,Barrio La Planta
XOCHIMILCO,Barrio La Santisima
XOCHIMILCO,Barrio La Santísima
XOCHIMILCO,Barrio Las Cruces
XOCHIMILCO,Barrio Las Flores
XOCHIMILCO,Barrio Los Reyes
XOCHIMILCO,Barrio Niños Heroes
XOCHIMILCO,Barrio Pocitos
XOCHIMILCO,Barrio San Andres
XOCHIMILCO,Barrio San Andrés
XOCHIMILCO,Barrio San Antonio
XOCHIMILCO,Barrio San Cristobal
XOCHIMILCO,Barrio San Diego
XOCHIMILCO,Barrio San Esteban
XOCHIMILCO,Barrio San Jose Pueblo San Luis Tlaxialtemalco
XOCHIMILCO,Barrio San Juan
XOCHIMILCO,Barrio San Juan Minas
XOCHIMILCO,Barrio San Juan Moyotepec
XOCHIMILCO,Barrio San Juan Pueblo San Luis Tlaxialtemalco
XOCHIMILCO,Barrio San Lorenzo
XOCHIMILCO,Barrio San Marcos
XOCHIMILCO,Barrio San Pedro
XOCHIMILCO,Barrio San Sebastián
XOCHIMILCO,Barrio Santa Crucita
XOCHIMILCO,Barrio Tetitla
XOCHIMILCO,Barrio Tetitla Del Pueblo Santa Cruz Acalpixca
XOCHIMILCO,Barrio Xaltocan
XOCHIMILCO,Bosque Residencial Del Sur
XOCHIMILCO,Caltongo
XOCHIMILCO,Carlos Jonguitud Barrios
XOCHIMILCO,Celoalliotli
XOCHIMILCO,Cerrillos Primera Seccion
XOCHIMILCO,Cerrillos Primera Sección
XOCHIMILCO,Cerrillos Segunda Seccion
XOCHIMILCO,Cerrillos Segunda Sección
XOCHIMILCO,Cerrillos Tercera Seccion
XOCHIMILCO,Cerrillos Tercera Sección
XOCHIMILCO,Cristo Rey
XOCHIMILCO,Culhuacan Ctm Seccion Viii
XOCHIMILCO,Del Carmen
XOCHIMILCO,Del Mar
XOCHIMILCO,División Del Norte Infonavit
XOCHIMILCO,Dolores Tlali
XOCHIMILCO,Dr. Ignacio Chávez Infonavit
XOCHIMILCO,Duraznotitla
XOCHIMILCO,El Arenal
XOCHIMILCO,El Jazmin
XOCHIMILCO,El Mirador
XOCHIMILCO,El Mirador 2a Sección
XOCHIMILCO,El Mirador I(San Lucas Xochimanca)
XOCHIMILCO,El Olivo (San Lorenzo)
XOCHIMILCO,El Sacrificio
XOCHIMILCO,El Vergel
XOCHIMILCO,Francisco Villa
XOCHIMILCO,Fuentes De Tepepan
XOCHIMILCO,Granjas Coapa
XOCHIMILCO,Guadalupe
XOCHIMILCO,Guadalupita
XOCHIMILCO,Heroico Colegio Militar
XOCHIMILCO,Huichapan
XOCHIMILCO,Jardines Del Sur
XOCHIMILCO,Jose Lopez Portillo
XOCHIMILCO,José López Portillo
XOCHIMILCO,Justicia Social
XOCHIMILCO,La Cañada
XOCHIMILCO,La Concha
XOCHIMILCO,La Joya
XOCHIMILCO,La Noria
XOCHIMILCO,La Palma
XOCHIMILCO,Las Animas
XOCHIMILCO,Las Mesitas
XOCHIMILCO,Las Peritas
XOCHIMILCO,Lomas De Nativitas
XOCHIMILCO,Lomas De Tonalco
XOCHIMILCO,Lomas Estrella
XOCHIMILCO,Lomas Estrella 2a Seccion
XOCHIMILCO,Los Cipreses
XOCHIMILCO,Los Reyes
XOCHIMILCO,Magisterial
XOCHIMILCO,Magisterial Coapa
XOCHIMILCO,Manantiales
XOCHIMILCO,Narciso Mendoza
XOCHIMILCO,Nativitas
XOCHIMILCO,Nueva Tototitla
XOCHIMILCO,Parque Ecologico De Xochimilco
XOCHIMILCO,Paseos Del Sur
XOCHIMILCO,Pedregal De San Francisco
XOCHIMILCO,Pista Olimpica Virgilio Uribe (Canal De Cuemanco)
XOCHIMILCO,Potrero San Bernardino
XOCHIMILCO,Predio El Molino
XOCHIMILCO,Pueblo Nativitas
XOCHIMILCO,Pueblo Ocotla
XOCHIMILCO,Pueblo San Andres Ahuayucan
XOCHIMILCO,Pueblo San Francisco Tlalnepantla
XOCHIMILCO,Pueblo San Gregorio Atlapulco
XOCHIMILCO,Pueblo San Jose Zacatepec
XOCHIMILCO,Pueblo San Lorenzo Atemoaya
XOCHIMILCO,Pueblo San Lucas Xochimanca
XOCHIMILCO,Pueblo San Luis Tlaxialtemalco
XOCHIMILCO,Pueblo San Mateo Xalpa
XOCHIMILCO,Pueblo San Salvador Cuauhtenco
XOCHIMILCO,Pueblo Santa Cecilia Tepetlapa
XOCHIMILCO,Pueblo Santa Cruz Acalpixca
XOCHIMILCO,Pueblo Santa Cruz Xochitepec
XOCHIMILCO,Pueblo Santa Maria Nativitas
XOCHIMILCO,Pueblo Santa Maria Tepepan
XOCHIMILCO,Pueblo Santiago Tepalcatlalpan
XOCHIMILCO,Pueblo Santiago Tepalcatlalpan U H Rcda Del Sur
XOCHIMILCO,Pueblo Tulyehualco
XOCHIMILCO,Quiahuatla
XOCHIMILCO,Quirino Mendoza
XOCHIMILCO,Rancho Tejomulco
XOCHIMILCO,Residencial Villa Coapa
XOCHIMILCO,Rinconada Coapa
XOCHIMILCO,Rosario Tlali
XOCHIMILCO,San Andrés Ahuayucan
XOCHIMILCO,San Bartolo El Chico
XOCHIMILCO,San Felipe
XOCHIMILCO,San Francisco Chiquimola
XOCHIMILCO,San Francisco Tlalnepantla
XOCHIMILCO,San Gregorio Atlapulco
XOCHIMILCO,San Isidro
XOCHIMILCO,San Jeronimo
XOCHIMILCO,San Jose Obrero
XOCHIMILCO,San Juan Tepepan
XOCHIMILCO,San Lorenzo Atemoaya
XOCHIMILCO,San Lorenzo La Cebada
XOCHIMILCO,San Lucas Oriente
XOCHIMILCO,San Lucas Xochimanca
XOCHIMILCO,San Marcos Norte
XOCHIMILCO,San Mateo Xalpa
XOCHIMILCO,San Miguel
XOCHIMILCO,San Salvador Cuauhtenco Seccion Iii
XOCHIMILCO,San Sebastian Del Pueblo San Pedro Tlahuac
XOCHIMILCO,Santa  Cecilia Tepetlapa
XOCHIMILCO,Santa Cecilia Tepetlapa
XOCHIMILCO,Santa Cruz Acalpixca - Pueblo
XOCHIMILCO,Santa Cruz Chavarrieta
XOCHIMILCO,Santa Cruz De Guadalupe
XOCHIMILCO,Santa Cruz Xochitepec
XOCHIMILCO,Santa Ines
XOCHIMILCO,Santa Maria De Los Olivos - Barrio
XOCHIMILCO,Santa María Tepepan
XOCHIMILCO,Santiago Tepalcatlalpan
XOCHIMILCO,Santiaguito
XOCHIMILCO,Tablas De San Lorenzo
XOCHIMILCO,Tecacalanco
XOCHIMILCO,Tehuixtitla
XOCHIMILCO,Tejomulco El Alto
XOCHIMILCO,Tepepan
XOCHIMILCO,Tepeyeca
XOCHIMILCO,Texmic
XOCHIMILCO,Tierra Nueva
XOCHIMILCO,Toltenco
XOCHIMILCO,Triangulo De Las Agujas
XOCHIMILCO,Tula (San Pedro Atocpan)
XOCHIMILCO,Valle De San Lorenzo
XOCHIMILCO,Valle De Santa Maria
XOCHIMILCO,Valle De Tepepan
XOCHIMILCO,Valle Escondido
XOCHIMILCO,Valle Verde
XOCHIMILCO,Vaso De Regulacion
XOCHIMILCO,Villa Centroamericana
XOCHIMILCO,Villa Quietud
XOCHIMILCO,Viveros Coatectlan
XOCHIMILCO,Xochipilli
XOCHIMILCO,Zacatepec(San Mateo Xalpa)
